file	trait_id	trait_label	graph_id	scope_status	protein_nodes	semantic_grounded_nodes	reviewed_label_only_nodes	canonical_examples	cited_canonical_examples	protein_examples	taxon_matched_examples	status	error_count	gap_count	unmet_requirements
data/traits/ecology/animal_pathogen.yaml	METPO:1004002	animal pathogen	animal_pathogen_metazoan_adaptation	NONMECHANISTIC	6	1	5	2	2	0	0	NONMECHANISTIC	0	0	-
data/traits/ecology/biofilm_formation.yaml	traitmech:000053	biofilm formation	biofilm_eps_matrix_community	MECHANISTIC	1	1	0	2	2	1	1	PASS	0	0	-
data/traits/ecology/biosafety_level.yaml	METPO:1001101	biosafety level	biosafety_level_hazard_classification	NONMECHANISTIC	0	0	0	1	1	0	0	NONMECHANISTIC	0	0	-
data/traits/ecology/biosafety_level_1.yaml	METPO:1001102	biosafety level 1	biosafety_level_1_minimal_hazard	NONMECHANISTIC	1	0	1	2	2	0	0	NONMECHANISTIC	0	0	-
data/traits/ecology/biosafety_level_2.yaml	METPO:1001103	biosafety level 2	biosafety_level_2_moderate_hazard	NONMECHANISTIC	0	0	0	2	2	0	0	NONMECHANISTIC	0	0	-
data/traits/ecology/biosafety_level_3.yaml	METPO:1001104	biosafety level 3	biosafety_level_3_serious_hazard	NONMECHANISTIC	0	0	0	2	2	0	0	NONMECHANISTIC	0	0	-
data/traits/ecology/biosafety_level_4.yaml	METPO:1001105	biosafety level 4	biosafety_level_4_extreme_hazard	NONMECHANISTIC	0	0	0	1	1	0	0	NONMECHANISTIC	0	0	-
data/traits/ecology/biosafety_level_5.yaml	METPO:1001106	biosafety level 5	biosafety_level_5_proposed_enhanced_hazard	NONMECHANISTIC	0	0	0	0	0	0	0	NONMECHANISTIC	0	0	-
data/traits/ecology/commensalism.yaml	traitmech:000042	commensalism	commensalism_neutral_host	NONMECHANISTIC	2	0	2	1	1	0	0	NONMECHANISTIC	0	0	-
data/traits/ecology/endosymbiosis.yaml	traitmech:000045	endosymbiosis	endosymbiosis_intracellular_genome_reduction	NONMECHANISTIC	0	0	0	1	1	0	0	NONMECHANISTIC	0	0	-
data/traits/ecology/free_living.yaml	traitmech:000048	free-living	free_living_environmental_habitat	NONMECHANISTIC	0	0	0	2	2	0	0	NONMECHANISTIC	0	0	-
data/traits/ecology/gut_associated.yaml	traitmech:000052	gut-associated	gut_associated_microbiota_metabolism	NONMECHANISTIC	1	0	1	1	1	0	0	NONMECHANISTIC	0	0	-
data/traits/ecology/habitat_association.yaml	traitmech:000047	habitat association	habitat_association_biogeographic_structure	NONMECHANISTIC	1	0	1	1	1	0	0	NONMECHANISTIC	0	0	-
data/traits/ecology/host_associated.yaml	traitmech:000049	host-associated	host_associated_microbiome	NONMECHANISTIC	1	0	1	2	2	0	0	NONMECHANISTIC	0	0	-
data/traits/ecology/human_pathogen.yaml	METPO:1004004	human pathogen	human_pathogen_anthropoid_adaptation	NONMECHANISTIC	2	1	1	2	2	0	0	NONMECHANISTIC	0	0	-
data/traits/ecology/mutualism.yaml	traitmech:000041	mutualism	mutualism_reciprocal_benefit	NONMECHANISTIC	0	0	0	2	2	0	0	NONMECHANISTIC	0	0	-
data/traits/ecology/nitrogen_fixing_symbiosis.yaml	traitmech:000044	nitrogen-fixing symbiosis	rhizobia_legume_n2_fixation	MECHANISTIC	2	1	1	2	2	1	1	PASS	0	0	-
data/traits/ecology/opportunistic_pathogen.yaml	traitmech:000046	opportunistic pathogen	opportunistic_pathogen_context_dependent_virulence	NONMECHANISTIC	0	0	0	1	1	0	0	NONMECHANISTIC	0	0	-
data/traits/ecology/parasitism.yaml	traitmech:000043	parasitism	parasitism_host_fitness_cost	NONMECHANISTIC	0	0	0	1	1	0	0	NONMECHANISTIC	0	0	-
data/traits/ecology/pathogenic_to_host.yaml	METPO:1004000	pathogenic to host	pathogenic_to_host_virulence_factor_program	NONMECHANISTIC	2	0	2	2	2	0	0	NONMECHANISTIC	0	0	-
data/traits/ecology/plant_pathogen.yaml	METPO:1004003	plant pathogen	plant_pathogen_t3ss_effector_program	NONMECHANISTIC	4	0	4	1	1	0	0	NONMECHANISTIC	0	0	-
data/traits/ecology/predatory_bacterium.yaml	traitmech:000054	predatory bacterium	predatory_bacterium_prey_killing	NONMECHANISTIC	0	0	0	1	1	0	0	NONMECHANISTIC	0	0	-
data/traits/ecology/rhizosphere_association.yaml	traitmech:000051	rhizosphere association	rhizosphere_root_exudate	NONMECHANISTIC	1	0	1	1	1	0	0	NONMECHANISTIC	0	0	-
data/traits/ecology/saprotrophy.yaml	traitmech:000055	saprotrophy	saprotrophy_decomposition_cycling	NONMECHANISTIC	5	2	3	1	1	0	0	NONMECHANISTIC	0	0	-
data/traits/ecology/soil_dwelling.yaml	traitmech:000050	soil-dwelling	soil_dwelling_biogeochemistry	NONMECHANISTIC	0	0	0	3	3	0	0	NONMECHANISTIC	0	0	-
data/traits/ecology/symbiosis.yaml	traitmech:000040	symbiosis	symbiosis_host_interaction	NONMECHANISTIC	1	0	1	2	2	0	0	NONMECHANISTIC	0	0	-
data/traits/environment/acidophilic.yaml	METPO:1003003	acidophilic	acidophilic_ph_homeostasis	NONMECHANISTIC	2	0	2	1	1	0	0	NONMECHANISTIC	0	0	-
data/traits/environment/acidotolerant.yaml	METPO:1003008	acidotolerant	acidotolerant_acid_stress_homeostasis	NONMECHANISTIC	0	0	0	2	2	0	0	NONMECHANISTIC	0	0	-
data/traits/environment/aerobic.yaml	METPO:1000602	aerobic	aerobic_trait_mechanism	NONMECHANISTIC	3	0	3	2	2	0	0	NONMECHANISTIC	0	0	-
data/traits/environment/aerotolerant.yaml	METPO:1000609	aerotolerant	aerotolerant_anaerobe_ros_defense	NONMECHANISTIC	5	5	0	2	2	0	0	NONMECHANISTIC	0	0	-
data/traits/environment/alkalotolerant.yaml	METPO:1003009	alkalotolerant	alkalotolerant_alkaline_stress_homeostasis	NONMECHANISTIC	1	1	0	2	2	0	0	NONMECHANISTIC	0	0	-
data/traits/environment/alkaphilic.yaml	METPO:1003002	alkaliphilic	alkaliphilic_na_cycle_homeostasis	NONMECHANISTIC	3	0	3	2	2	0	0	NONMECHANISTIC	0	0	-
data/traits/environment/anaerobic.yaml	METPO:1000603	anaerobic	anaerobic_trait_oxygen_exclusion	NONMECHANISTIC	2	0	2	2	2	0	0	NONMECHANISTIC	0	0	-
data/traits/environment/arsenic_tolerant.yaml	traitmech:000017	arsenic tolerant	arsenic_tolerance_ars_efflux	MECHANISTIC	6	0	6	3	3	1	1	PASS	0	0	-
data/traits/environment/cadmium_tolerant.yaml	traitmech:000013	cadmium tolerant	cadmium_tolerance_czc_efflux	MECHANISTIC	3	0	3	2	2	1	1	PASS	0	0	-
data/traits/environment/cobalt_tolerant.yaml	traitmech:000015	cobalt tolerant	cobalt_tolerance_czc_cnr_efflux	MECHANISTIC	6	0	6	2	2	1	1	PASS	0	0	-
data/traits/environment/copper_tolerant.yaml	traitmech:000018	copper tolerant	copper_tolerance_cop_efflux	MECHANISTIC	2	0	2	2	2	1	1	PASS	0	0	-
data/traits/environment/delta_phenotype_with_numerical_limits.yaml	METPO:1000534	delta phenotype with numerical limits	delta_phenotype_breadth_descriptor	NONMECHANISTIC	0	0	0	1	1	0	0	NONMECHANISTIC	0	0	-
data/traits/environment/desiccation_tolerant.yaml	traitmech:000010	desiccation tolerant	desiccation_anhydrobiosis_repair	NONMECHANISTIC	1	0	1	1	1	0	0	NONMECHANISTIC	0	0	-
data/traits/environment/euryhaline.yaml	METPO:1000627	euryhaline	euryhaline_wide_salinity_tolerance	NONMECHANISTIC	3	0	3	2	2	0	0	NONMECHANISTIC	0	0	-
data/traits/environment/extreme_hyperthermophilic.yaml	METPO:1000721	extreme hyperthermophilic	extreme_hyperthermophilic_archaeal_adaptation	NONMECHANISTIC	3	1	2	1	1	0	0	NONMECHANISTIC	0	0	-
data/traits/environment/extremely_halophilic.yaml	METPO:1000628	extremely halophilic	extreme_halophile_salt_in_acidic_proteome	NONMECHANISTIC	2	0	2	1	1	0	0	NONMECHANISTIC	0	0	-
data/traits/environment/facultative_oxygen_preference.yaml	METPO:1000612	facultative oxygen preference	facultative_oxygen_preference_switching	NONMECHANISTIC	2	0	2	2	2	0	0	NONMECHANISTIC	0	0	-
data/traits/environment/facultative_psychrophilic.yaml	METPO:1000720	facultative psychrophilic	facultative_psychrophilic_cold_tolerance	NONMECHANISTIC	2	1	1	1	1	0	0	NONMECHANISTIC	0	0	-
data/traits/environment/facultatively_acidophilic.yaml	METPO:1003007	facultatively acidophilic	facultatively_acidophilic_ph_homeostasis	NONMECHANISTIC	2	0	2	1	1	0	0	NONMECHANISTIC	0	0	-
data/traits/environment/facultatively_aerobic.yaml	METPO:1000608	facultatively aerobic	facultative_aerobe_oxygen_flexible_growth	NONMECHANISTIC	5	0	5	1	1	0	0	NONMECHANISTIC	0	0	-
data/traits/environment/facultatively_alkaphilic.yaml	METPO:1003005	facultatively alkaliphilic	facultatively_alkaphilic_sodium_cycle_homeostasis	NONMECHANISTIC	2	0	2	1	1	0	0	NONMECHANISTIC	0	0	-
data/traits/environment/facultatively_anaerobic.yaml	METPO:1000605	facultatively anaerobic	facultative_anaerobe_oxygen_switch	NONMECHANISTIC	2	0	2	2	2	0	0	NONMECHANISTIC	0	0	-
data/traits/environment/growth_range_phenotype_with_numerical_limits.yaml	METPO:1000535	growth range phenotype with numerical limits	growth_range_phenotype_descriptor	NONMECHANISTIC	0	0	0	1	1	0	0	NONMECHANISTIC	0	0	-
data/traits/environment/haloalkaliphilic.yaml	METPO:1000621	haloalkaliphilic	haloalkaliphilic_salt_alkaline_adaptation	NONMECHANISTIC	0	0	0	2	2	0	0	NONMECHANISTIC	0	0	-
data/traits/environment/halophilic.yaml	METPO:1000620	halophilic	halophilic_osmoadaptation	NONMECHANISTIC	3	0	3	2	2	0	0	NONMECHANISTIC	0	0	-
data/traits/environment/halophily_preference.yaml	METPO:1000629	halophily preference	halophily_preference_osmoadaptation	NONMECHANISTIC	2	0	2	2	2	0	0	NONMECHANISTIC	0	0	-
data/traits/environment/halotolerant.yaml	METPO:1000622	halotolerant	halotolerant_salt_stress_response	NONMECHANISTIC	2	0	2	1	1	0	0	NONMECHANISTIC	0	0	-
data/traits/environment/hyperthermophilic.yaml	METPO:1000617	hyperthermophilic	hyperthermophilic_thermostability	NONMECHANISTIC	5	1	4	1	1	0	0	NONMECHANISTIC	0	0	-
data/traits/environment/ionizing_radiation_tolerant.yaml	traitmech:000008	ionizing radiation tolerant	ionizing_radiation_tolerance_dsb_repair	NONMECHANISTIC	0	0	0	1	1	0	0	NONMECHANISTIC	0	0	-
data/traits/environment/mercury_tolerant.yaml	traitmech:000016	mercury tolerant	mercury_tolerance_mer_reduction	MECHANISTIC	3	0	3	3	3	1	1	PASS	0	0	-
data/traits/environment/mesophilic.yaml	METPO:1000615	mesophilic	mesophilic_homoviscous_adaptation	NONMECHANISTIC	5	0	5	1	1	0	0	NONMECHANISTIC	0	0	-
data/traits/environment/metal_tolerant.yaml	traitmech:000012	metal tolerant	metal_tolerance_efflux_detoxification	NONMECHANISTIC	3	0	3	1	1	0	0	NONMECHANISTIC	0	0	-
data/traits/environment/microaerophilic.yaml	METPO:1000604	microaerophilic	microaerophile_low_oxygen_respiration	NONMECHANISTIC	6	3	3	1	1	0	0	NONMECHANISTIC	0	0	-
data/traits/environment/microaerotolerant.yaml	METPO:1000610	microaerotolerant	microaerotolerant_low_oxygen_defense	NONMECHANISTIC	3	1	2	1	1	0	0	NONMECHANISTIC	0	0	-
data/traits/environment/moderately_halophilic.yaml	METPO:1000623	moderately halophilic	moderate_halophile_compatible_solutes	NONMECHANISTIC	3	0	3	1	1	0	0	NONMECHANISTIC	0	0	-
data/traits/environment/nacl_delta.yaml	METPO:1000335	NaCl delta	nacl_delta_euryhaline_breadth	NONMECHANISTIC	1	0	1	1	1	0	0	NONMECHANISTIC	0	0	-
data/traits/environment/nacl_delta_high.yaml	METPO:1000482	NaCl delta high	nacl_delta_high_extreme_euryhaline	NONMECHANISTIC	0	0	0	2	2	0	0	NONMECHANISTIC	0	0	-
data/traits/environment/nacl_delta_low.yaml	METPO:1000479	NaCl delta low	nacl_delta_low_stenohaline	NONMECHANISTIC	3	0	3	1	1	0	0	NONMECHANISTIC	0	0	-
data/traits/environment/nacl_delta_mid1.yaml	METPO:1000480	NaCl delta mid1	nacl_delta_mid1_modest_breadth	NONMECHANISTIC	0	0	0	1	1	0	0	NONMECHANISTIC	0	0	-
data/traits/environment/nacl_delta_mid2.yaml	METPO:1000481	NaCl delta mid2	nacl_delta_mid2_broad_breadth	NONMECHANISTIC	1	0	1	1	1	0	0	NONMECHANISTIC	0	0	-
data/traits/environment/nacl_optimum.yaml	METPO:1000333	NaCl optimum	nacl_optimum_balanced_osmoadaptation	NONMECHANISTIC	1	0	1	1	1	0	0	NONMECHANISTIC	0	0	-
data/traits/environment/nacl_optimum_high.yaml	METPO:1000468	NaCl optimum high	nacl_optimum_high_extreme_halophile	NONMECHANISTIC	2	0	2	1	1	0	0	NONMECHANISTIC	0	0	-
data/traits/environment/nacl_optimum_low.yaml	METPO:1000465	NaCl optimum low	nacl_optimum_low_non_halophile_setpoint	NONMECHANISTIC	2	0	2	1	1	0	0	NONMECHANISTIC	0	0	-
data/traits/environment/nacl_optimum_mid1.yaml	METPO:1000466	NaCl optimum mid1	nacl_optimum_mid1_slight_halophile	NONMECHANISTIC	0	0	0	1	1	0	0	NONMECHANISTIC	0	0	-
data/traits/environment/nacl_optimum_mid2.yaml	METPO:1000467	NaCl optimum mid2	nacl_optimum_mid2_moderate_halophile	NONMECHANISTIC	0	0	0	1	1	0	0	NONMECHANISTIC	0	0	-
data/traits/environment/nacl_range.yaml	METPO:1000334	NaCl range	nacl_range_tolerance_breadth	NONMECHANISTIC	3	0	3	1	1	0	0	NONMECHANISTIC	0	0	-
data/traits/environment/nacl_range_high.yaml	METPO:1000472	NaCl range high	nacl_range_high_extreme_halophile	NONMECHANISTIC	0	0	0	1	1	0	0	NONMECHANISTIC	0	0	-
data/traits/environment/nacl_range_low.yaml	METPO:1000469	NaCl range low	nacl_range_low_non_halophile	NONMECHANISTIC	2	0	2	1	1	0	0	NONMECHANISTIC	0	0	-
data/traits/environment/nacl_range_mid1.yaml	METPO:1000470	NaCl range mid1	nacl_range_mid1_slight_halophile	NONMECHANISTIC	0	0	0	1	1	0	0	NONMECHANISTIC	0	0	-
data/traits/environment/nacl_range_mid2.yaml	METPO:1000471	NaCl range mid2	nacl_range_mid2_moderate_halophile	NONMECHANISTIC	2	0	2	1	1	0	0	NONMECHANISTIC	0	0	-
data/traits/environment/neutrophilic.yaml	METPO:1003001	neutrophilic	neutrophilic_neutral_ph_homeostasis	NONMECHANISTIC	2	1	1	2	2	0	0	NONMECHANISTIC	0	0	-
data/traits/environment/non_halophilic.yaml	METPO:1000624	non halophilic	non_halophilic_salt_stress_response	NONMECHANISTIC	1	0	1	2	2	0	0	NONMECHANISTIC	0	0	-
data/traits/environment/obligately_acidophilic.yaml	METPO:1003006	obligately acidophilic	obligately_acidophilic_ph_homeostasis	NONMECHANISTIC	5	0	5	2	2	0	0	NONMECHANISTIC	0	0	-
data/traits/environment/obligately_aerobic.yaml	METPO:1000606	obligately aerobic	obligate_aerobe_oxygen_respiration	NONMECHANISTIC	2	0	2	1	1	0	0	NONMECHANISTIC	0	0	-
data/traits/environment/obligately_alkaphilic.yaml	METPO:1003004	obligately alkaliphilic	obligately_alkaphilic_sodium_cycle_homeostasis	NONMECHANISTIC	4	0	4	1	1	0	0	NONMECHANISTIC	0	0	-
data/traits/environment/obligately_anaerobic.yaml	METPO:1000607	obligately anaerobic	obligate_anaerobe_oxygen_toxicity	NONMECHANISTIC	3	0	3	1	1	0	0	NONMECHANISTIC	0	0	-
data/traits/environment/obligately_piezophilic.yaml	traitmech:000002	obligately piezophilic	obligate_piezophily_high_pressure_requirement	NONMECHANISTIC	0	0	0	1	1	0	0	NONMECHANISTIC	0	0	-
data/traits/environment/optimum_phenotype_with_numerical_limits.yaml	METPO:1000536	optimum phenotype with numerical limits	optimum_phenotype_descriptor	NONMECHANISTIC	3	0	3	1	1	0	0	NONMECHANISTIC	0	0	-
data/traits/environment/oxygen_preference.yaml	METPO:1000601	oxygen preference	oxygen_preference_o2_availability_axis	NONMECHANISTIC	2	2	0	1	1	0	0	NONMECHANISTIC	0	0	-
data/traits/environment/ph_delta.yaml	METPO:1000232	pH delta	ph_delta_homeostasis_flexibility	NONMECHANISTIC	0	0	0	1	1	0	0	NONMECHANISTIC	0	0	-
data/traits/environment/ph_delta_high.yaml	METPO:1000478	pH delta high	ph_delta_high_euryphilic_breadth	NONMECHANISTIC	3	0	3	1	1	0	0	NONMECHANISTIC	0	0	-
data/traits/environment/ph_delta_low.yaml	METPO:1000474	pH delta low	ph_delta_low_limited_breadth	NONMECHANISTIC	1	0	1	1	1	0	0	NONMECHANISTIC	0	0	-
data/traits/environment/ph_delta_mid1.yaml	METPO:1000475	pH delta mid1	ph_delta_mid1_moderate_breadth	NONMECHANISTIC	2	0	2	1	1	0	0	NONMECHANISTIC	0	0	-
data/traits/environment/ph_delta_mid2.yaml	METPO:1000476	pH delta mid2	ph_delta_mid2_broad_breadth	NONMECHANISTIC	2	0	2	1	1	0	0	NONMECHANISTIC	0	0	-
data/traits/environment/ph_delta_mid3.yaml	METPO:1000477	pH delta mid3	ph_delta_mid3_wide_breadth	NONMECHANISTIC	2	0	2	1	1	0	0	NONMECHANISTIC	0	0	-
data/traits/environment/ph_delta_very_low.yaml	METPO:1000473	pH delta very low	ph_delta_very_low_stenotopic	NONMECHANISTIC	0	0	0	1	1	0	0	NONMECHANISTIC	0	0	-
data/traits/environment/ph_growth_preference.yaml	METPO:1003000	pH growth preference	ph_growth_preference_homeostasis	NONMECHANISTIC	3	0	3	2	2	0	0	NONMECHANISTIC	0	0	-
data/traits/environment/ph_optimum.yaml	METPO:1000331	pH optimum	ph_optimum_balanced_homeostasis	NONMECHANISTIC	0	0	0	1	1	0	0	NONMECHANISTIC	0	0	-
data/traits/environment/ph_optimum_high.yaml	METPO:1000458	pH optimum high	ph_optimum_high_alkaliphile_setpoint	NONMECHANISTIC	5	0	5	1	1	0	0	NONMECHANISTIC	0	0	-
data/traits/environment/ph_optimum_low.yaml	METPO:1000455	pH optimum low	ph_optimum_low_acidophile_setpoint	NONMECHANISTIC	1	0	1	1	1	0	0	NONMECHANISTIC	0	0	-
data/traits/environment/ph_optimum_mid1.yaml	METPO:1000456	pH optimum mid1	ph_optimum_mid1_neutrophile_setpoint	NONMECHANISTIC	1	0	1	1	1	0	0	NONMECHANISTIC	0	0	-
data/traits/environment/ph_optimum_mid2.yaml	METPO:1000457	pH optimum mid2	ph_optimum_mid2_alkaline_tolerant_setpoint	NONMECHANISTIC	3	1	2	1	1	0	0	NONMECHANISTIC	0	0	-
data/traits/environment/ph_phenotype_with_numerical_limits.yaml	METPO:1000531	pH phenotype with numerical limits	ph_phenotype_numerical_axis	NONMECHANISTIC	1	0	1	1	1	0	0	NONMECHANISTIC	0	0	-
data/traits/environment/ph_range.yaml	METPO:1000332	pH range	ph_range_bounded_homeostasis	NONMECHANISTIC	0	0	0	1	1	0	0	NONMECHANISTIC	0	0	-
data/traits/environment/ph_range_high.yaml	METPO:1000464	pH range high	ph_range_high_extreme_alkaliphile	NONMECHANISTIC	3	0	3	0	0	0	0	NONMECHANISTIC	0	0	-
data/traits/environment/ph_range_low.yaml	METPO:1000460	pH range low	ph_range_low_acidophile_range	NONMECHANISTIC	1	0	1	1	1	0	0	NONMECHANISTIC	0	0	-
data/traits/environment/ph_range_mid1.yaml	METPO:1000461	pH range mid1	ph_range_mid1_neutrophile_range	NONMECHANISTIC	2	0	2	1	1	0	0	NONMECHANISTIC	0	0	-
data/traits/environment/ph_range_mid2.yaml	METPO:1000462	pH range mid2	ph_range_mid2_mild_alkaline_tolerance	NONMECHANISTIC	2	0	2	1	1	0	0	NONMECHANISTIC	0	0	-
data/traits/environment/ph_range_mid3.yaml	METPO:1000463	pH range mid3	ph_range_mid3_alkaliphile_range	NONMECHANISTIC	1	0	1	1	1	0	0	NONMECHANISTIC	0	0	-
data/traits/environment/ph_range_very_low.yaml	METPO:1000459	pH range very low	ph_range_very_low_extreme_acidophile	NONMECHANISTIC	0	0	0	1	1	0	0	NONMECHANISTIC	0	0	-
data/traits/environment/piezophilic.yaml	traitmech:000001	piezophilic	piezophilic_hhp_membrane_adaptation	NONMECHANISTIC	1	0	1	2	2	0	0	NONMECHANISTIC	0	0	-
data/traits/environment/piezotolerant.yaml	traitmech:000003	piezotolerant	piezotolerance_pressure_range	NONMECHANISTIC	1	0	1	2	2	0	0	NONMECHANISTIC	0	0	-
data/traits/environment/pressure_delta.yaml	traitmech:000006	pressure delta	pressure_delta_breadth_descriptor	NONMECHANISTIC	1	0	1	1	1	0	0	NONMECHANISTIC	0	0	-
data/traits/environment/pressure_optimum.yaml	traitmech:000004	pressure optimum	pressure_optimum_balanced_adaptation	NONMECHANISTIC	0	0	0	1	1	0	0	NONMECHANISTIC	0	0	-
data/traits/environment/pressure_range.yaml	traitmech:000005	pressure range	pressure_range_growth_bounded_span	NONMECHANISTIC	0	0	0	1	1	0	0	NONMECHANISTIC	0	0	-
data/traits/environment/psychrophilic.yaml	METPO:1000614	psychrophilic	psychrophilic_cold_adaptation	NONMECHANISTIC	3	0	3	1	1	0	0	NONMECHANISTIC	0	0	-
data/traits/environment/psychrotolerant.yaml	METPO:1000618	psychrotolerant	psychrotolerant_facultative_cold_adaptation	NONMECHANISTIC	0	0	0	2	2	0	0	NONMECHANISTIC	0	0	-
data/traits/environment/radiotolerant.yaml	traitmech:000007	radiotolerant	radiotolerance_repair_antioxidant	MECHANISTIC	1	0	1	2	2	1	1	PASS	0	0	-
data/traits/environment/salinity_phenotype_with_numerical_limits.yaml	METPO:1000532	salinity phenotype with numerical limits	salinity_phenotype_numerical_axis	NONMECHANISTIC	0	0	0	1	1	0	0	NONMECHANISTIC	0	0	-
data/traits/environment/slightly_halophilic.yaml	METPO:1000625	slightly halophilic	slight_halophile_low_salt_osmoadaptation	NONMECHANISTIC	1	0	1	1	1	0	0	NONMECHANISTIC	0	0	-
data/traits/environment/stenohaline.yaml	METPO:1000626	stenohaline	stenohaline_narrow_salinity_tolerance	NONMECHANISTIC	3	0	3	1	1	0	0	NONMECHANISTIC	0	0	-
data/traits/environment/strictly_anaerobic.yaml	METPO:1000611	strictly anaerobic	strict_anaerobe_oxygen_sensitivity	NONMECHANISTIC	4	0	4	1	1	0	0	NONMECHANISTIC	0	0	-
data/traits/environment/temperature_delta.yaml	METPO:1000303	temperature delta	temperature_delta_thermal_flexibility	NONMECHANISTIC	0	0	0	1	1	0	0	NONMECHANISTIC	0	0	-
data/traits/environment/temperature_delta_high.yaml	METPO:1000487	temperature delta high	temperature_delta_high_eurythermal	NONMECHANISTIC	0	0	0	1	1	0	0	NONMECHANISTIC	0	0	-
data/traits/environment/temperature_delta_low.yaml	METPO:1000484	temperature delta low	temperature_delta_low_limited_breadth	NONMECHANISTIC	0	0	0	0	0	0	0	NONMECHANISTIC	0	0	-
data/traits/environment/temperature_delta_mid1.yaml	METPO:1000485	temperature delta mid1	temperature_delta_mid1_moderate_breadth	NONMECHANISTIC	0	0	0	1	1	0	0	NONMECHANISTIC	0	0	-
data/traits/environment/temperature_delta_mid2.yaml	METPO:1000486	temperature delta mid2	temperature_delta_mid2_broad_breadth	NONMECHANISTIC	2	0	2	1	1	0	0	NONMECHANISTIC	0	0	-
data/traits/environment/temperature_delta_very_low.yaml	METPO:1000483	temperature delta very low	temperature_delta_very_low_stenothermal	NONMECHANISTIC	2	0	2	0	0	0	0	NONMECHANISTIC	0	0	-
data/traits/environment/temperature_optimum.yaml	METPO:1000304	temperature optimum	temperature_optimum_balanced_adaptation	NONMECHANISTIC	0	0	0	1	1	0	0	NONMECHANISTIC	0	0	-
data/traits/environment/temperature_optimum_high.yaml	METPO:1000447	temperature optimum high	temperature_optimum_high_thermophile_setpoint	NONMECHANISTIC	4	1	3	1	1	0	0	NONMECHANISTIC	0	0	-
data/traits/environment/temperature_optimum_low.yaml	METPO:1000442	temperature optimum low	temperature_optimum_low_psychrotolerant_setpoint	NONMECHANISTIC	2	0	2	2	2	0	0	NONMECHANISTIC	0	0	-
data/traits/environment/temperature_optimum_mid1.yaml	METPO:1000443	temperature optimum mid1	temperature_optimum_mid1_lower_mesophile	NONMECHANISTIC	0	0	0	1	1	0	0	NONMECHANISTIC	0	0	-
data/traits/environment/temperature_optimum_mid2.yaml	METPO:1000444	temperature optimum mid2	temperature_optimum_mid2_mesophile	NONMECHANISTIC	0	0	0	1	1	0	0	NONMECHANISTIC	0	0	-
data/traits/environment/temperature_optimum_mid3.yaml	METPO:1000445	temperature optimum mid3	temperature_optimum_mid3_upper_mesophile	NONMECHANISTIC	1	0	1	1	1	0	0	NONMECHANISTIC	0	0	-
data/traits/environment/temperature_optimum_mid4.yaml	METPO:1000446	temperature optimum mid4	temperature_optimum_mid4_warm_mesophile	NONMECHANISTIC	3	1	2	1	1	0	0	NONMECHANISTIC	0	0	-
data/traits/environment/temperature_optimum_very_low.yaml	METPO:1000441	temperature optimum very low	temperature_optimum_very_low_psychrophile_setpoint	NONMECHANISTIC	2	0	2	1	1	0	0	NONMECHANISTIC	0	0	-
data/traits/environment/temperature_phenotype_with_numerical_limits.yaml	METPO:1000533	temperature phenotype with numerical limits	temperature_phenotype_numerical_axis	NONMECHANISTIC	1	0	1	1	1	0	0	NONMECHANISTIC	0	0	-
data/traits/environment/temperature_preference.yaml	METPO:1000613	temperature preference	temperature_preference_growth_physiology	NONMECHANISTIC	1	1	0	2	2	0	0	NONMECHANISTIC	0	0	-
data/traits/environment/temperature_range.yaml	METPO:1000306	temperature range	temperature_range_bounded_adaptation	NONMECHANISTIC	0	0	0	1	1	0	0	NONMECHANISTIC	0	0	-
data/traits/environment/temperature_range_high.yaml	METPO:1000454	temperature range high	temperature_range_high_thermophile	NONMECHANISTIC	3	1	2	3	3	0	0	NONMECHANISTIC	0	0	-
data/traits/environment/temperature_range_low.yaml	METPO:1000449	temperature range low	temperature_range_low_psychrotolerant	NONMECHANISTIC	2	0	2	1	1	0	0	NONMECHANISTIC	0	0	-
data/traits/environment/temperature_range_mid1.yaml	METPO:1000450	temperature range mid1	temperature_range_mid1_lower_mesophile	NONMECHANISTIC	0	0	0	1	1	0	0	NONMECHANISTIC	0	0	-
data/traits/environment/temperature_range_mid2.yaml	METPO:1000451	temperature range mid2	temperature_range_mid2_baseline_mesophile	NONMECHANISTIC	1	0	1	1	1	0	0	NONMECHANISTIC	0	0	-
data/traits/environment/temperature_range_mid3.yaml	METPO:1000452	temperature range mid3	temperature_range_mid3_upper_mesophile	NONMECHANISTIC	2	0	2	1	1	0	0	NONMECHANISTIC	0	0	-
data/traits/environment/temperature_range_mid4.yaml	METPO:1000453	temperature range mid4	temperature_range_mid4_warm_mesophile	NONMECHANISTIC	1	0	1	1	1	0	0	NONMECHANISTIC	0	0	-
data/traits/environment/temperature_range_very_low.yaml	METPO:1000448	temperature range very low	temperature_range_very_low_psychrophile	NONMECHANISTIC	3	0	3	1	1	0	0	NONMECHANISTIC	0	0	-
data/traits/environment/thermophilic.yaml	METPO:1000616	thermophilic	thermophilic_heat_adaptation	NONMECHANISTIC	5	1	4	1	1	0	0	NONMECHANISTIC	0	0	-
data/traits/environment/thermotolerant.yaml	METPO:1000619	thermotolerant	thermotolerant_facultative_heat_adaptation	NONMECHANISTIC	3	0	3	1	1	0	0	NONMECHANISTIC	0	0	-
data/traits/environment/uv_radiation_tolerant.yaml	traitmech:000009	UV radiation tolerant	uv_tolerance_excision_repair	NONMECHANISTIC	2	1	1	2	2	0	0	NONMECHANISTIC	0	0	-
data/traits/environment/xerophilic.yaml	traitmech:000011	xerophilic	xerophilic_low_water_activity_growth	NONMECHANISTIC	0	0	0	2	2	0	0	NONMECHANISTIC	0	0	-
data/traits/environment/zinc_tolerant.yaml	traitmech:000014	zinc tolerant	zinc_tolerance_czc_efflux	MECHANISTIC	4	0	4	2	2	1	1	PASS	0	0	-
data/traits/genomics/abialpha_system.yaml	traitmech:000322	AbiAlpha system	abialpha_locus_causes_enterococcal_premature_lysis	NONMECHANISTIC	0	0	0	1	1	0	0	NONMECHANISTIC	0	0	-
data/traits/genomics/abib_system.yaml	traitmech:000319	AbiB system	abib_locus_degrades_sensitive_phage_transcripts	NONMECHANISTIC	0	0	0	1	1	0	0	NONMECHANISTIC	0	0	-
data/traits/genomics/abic_system.yaml	traitmech:000320	AbiC system	abic_locus_aborts_lactococcal_phage_p2_infection	NONMECHANISTIC	0	0	0	1	1	0	0	NONMECHANISTIC	0	0	-
data/traits/genomics/abid_system.yaml	traitmech:000318	AbiD system	abid_locus_reduces_lactococcal_phage_burst	NONMECHANISTIC	0	0	0	1	1	0	0	NONMECHANISTIC	0	0	-
data/traits/genomics/abie_system.yaml	traitmech:000227	AbiE system	abie_type_iv_ta_antiphage_activity	NONMECHANISTIC	0	0	0	1	1	0	0	NONMECHANISTIC	0	0	-
data/traits/genomics/abig_system.yaml	traitmech:000306	AbiG system	abig_inhibits_lactococcal_phage_rna_synthesis	NONMECHANISTIC	0	0	0	1	1	0	0	NONMECHANISTIC	0	0	-
data/traits/genomics/abih_system.yaml	traitmech:000304	AbiH system	abih_locus_restricts_lactococcal_phages	NONMECHANISTIC	0	0	0	1	1	0	0	NONMECHANISTIC	0	0	-
data/traits/genomics/abii_system.yaml	traitmech:000316	AbiI system	abii_locus_reduces_lactococcal_phage_burst	NONMECHANISTIC	0	0	0	1	1	0	0	NONMECHANISTIC	0	0	-
data/traits/genomics/abik_system.yaml	traitmech:000229	AbiK system	abik_rt_polymerase_antiphage_activity	NONMECHANISTIC	0	0	0	1	1	0	0	NONMECHANISTIC	0	0	-
data/traits/genomics/abiq_system.yaml	traitmech:000225	AbiQ system	abiq_type_iii_ta_antiphage_activity	NONMECHANISTIC	0	0	0	1	1	0	0	NONMECHANISTIC	0	0	-
data/traits/genomics/abir_system.yaml	traitmech:000317	AbiR system	abir_loci_impede_phage_dna_replication	NONMECHANISTIC	0	0	0	1	1	0	0	NONMECHANISTIC	0	0	-
data/traits/genomics/abit_system.yaml	traitmech:000230	AbiT system	abit_late_phage_development_block	NONMECHANISTIC	0	0	0	1	1	0	0	NONMECHANISTIC	0	0	-
data/traits/genomics/abiu_system.yaml	traitmech:000321	AbiU system	abiu_locus_delays_lactococcal_phage_transcription	NONMECHANISTIC	0	0	0	1	1	0	0	NONMECHANISTIC	0	0	-
data/traits/genomics/abiv_system.yaml	traitmech:000300	AbiV system	abiv_sav_translation_block	NONMECHANISTIC	0	0	0	1	1	0	0	NONMECHANISTIC	0	0	-
data/traits/genomics/abiz_system.yaml	traitmech:000228	AbiZ system	abiz_premature_lysis_antiphage_activity	NONMECHANISTIC	0	0	0	1	1	0	0	NONMECHANISTIC	0	0	-
data/traits/genomics/abortive_infection_system.yaml	traitmech:000214	abortive infection system	abortive_infection_population_level_defense	NONMECHANISTIC	0	0	0	1	1	0	0	NONMECHANISTIC	0	0	-
data/traits/genomics/aditi_system.yaml	traitmech:000247	Aditi system	aditi_locus_restricts_phage	NONMECHANISTIC	0	0	0	0	0	0	0	NONMECHANISTIC	0	0	-
data/traits/genomics/ambrosia_system.yaml	traitmech:000329	Ambrosia system	ambrosia_locus_restricts_phage	NONMECHANISTIC	0	0	0	0	0	0	0	NONMECHANISTIC	0	0	-
data/traits/genomics/apsab_system.yaml	traitmech:000328	ApsAB system	apsab_locus_destabilizes_plasmids	NONMECHANISTIC	0	0	0	1	1	0	0	NONMECHANISTIC	0	0	-
data/traits/genomics/aristaios_system.yaml	traitmech:000313	Aristaios system	aristaios_locus_restricts_phage	NONMECHANISTIC	0	0	0	0	0	0	0	NONMECHANISTIC	0	0	-
data/traits/genomics/audmula_system.yaml	traitmech:000312	Audmula system	audmula_locus_restricts_phage	NONMECHANISTIC	0	0	0	0	0	0	0	NONMECHANISTIC	0	0	-
data/traits/genomics/avast_system.yaml	traitmech:000239	AVAST system	avast_stand_pattern_recognition_defense	NONMECHANISTIC	0	0	0	1	1	0	0	NONMECHANISTIC	0	0	-
data/traits/genomics/azaca_system.yaml	traitmech:000251	Azaca system	azaca_locus_restricts_phage	NONMECHANISTIC	0	0	0	0	0	0	0	NONMECHANISTIC	0	0	-
data/traits/genomics/belenos_system.yaml	traitmech:000268	Belenos system	belenos_locus_restricts_phage	NONMECHANISTIC	0	0	0	0	0	0	0	NONMECHANISTIC	0	0	-
data/traits/genomics/belisama_system.yaml	traitmech:000269	Belisama system	belisama_locus_restricts_phage	NONMECHANISTIC	0	0	0	0	0	0	0	NONMECHANISTIC	0	0	-
data/traits/genomics/borvo_system.yaml	traitmech:000249	Borvo system	borvo_locus_restricts_phage	NONMECHANISTIC	0	0	0	0	0	0	0	NONMECHANISTIC	0	0	-
data/traits/genomics/brex_system.yaml	traitmech:000210	BREX system	brex_methylation_antiphage_defense	MECHANISTIC	1	1	0	1	1	1	1	PASS	0	0	-
data/traits/genomics/brig1_system.yaml	traitmech:000307	Brig1 system	brig1_locus_restricts_t_even_phages	NONMECHANISTIC	0	0	0	0	0	0	0	NONMECHANISTIC	0	0	-
data/traits/genomics/brigantia_system.yaml	traitmech:000270	Brigantia system	brigantia_locus_restricts_phage	NONMECHANISTIC	0	0	0	0	0	0	0	NONMECHANISTIC	0	0	-
data/traits/genomics/bsta_system.yaml	traitmech:000301	BstA system	bsta_locus_suppresses_phage_dna_replication	NONMECHANISTIC	0	0	0	1	1	0	0	NONMECHANISTIC	0	0	-
data/traits/genomics/bunzi_system.yaml	traitmech:000248	Bunzi system	bunzi_locus_restricts_phage	NONMECHANISTIC	0	0	0	0	0	0	0	NONMECHANISTIC	0	0	-
data/traits/genomics/butters_gp30_gp31_system.yaml	traitmech:000298	Butters gp30-gp31 system	butters_gp30_gp31_locus_restricts_phage	NONMECHANISTIC	0	0	0	0	0	0	0	NONMECHANISTIC	0	0	-
data/traits/genomics/butters_gp57r_system.yaml	traitmech:000299	Butters gp57r system	butters_gp57r_locus_restricts_phage	NONMECHANISTIC	0	0	0	0	0	0	0	NONMECHANISTIC	0	0	-
data/traits/genomics/caprel_system.yaml	traitmech:000244	CapRel system	caprel_phage_triggered_translation_blockade	NONMECHANISTIC	0	0	0	0	0	0	0	NONMECHANISTIC	0	0	-
data/traits/genomics/cbass_system.yaml	traitmech:000212	CBASS system	cbass_cyclic_oligonucleotide_antiphage_defense	NONMECHANISTIC	0	0	0	1	1	0	0	NONMECHANISTIC	0	0	-
data/traits/genomics/ceres_system.yaml	traitmech:000288	Ceres system	ceres_locus_restricts_phage	NONMECHANISTIC	0	0	0	0	0	0	0	NONMECHANISTIC	0	0	-
data/traits/genomics/cernunnos_system.yaml	traitmech:000271	Cernunnos system	cernunnos_locus_restricts_phage	NONMECHANISTIC	0	0	0	0	0	0	0	NONMECHANISTIC	0	0	-
data/traits/genomics/charlie_gp32_system.yaml	traitmech:000295	Charlie gp32 system	charlie_gp32_locus_blocks_phage_entry	NONMECHANISTIC	0	0	0	0	0	0	0	NONMECHANISTIC	0	0	-
data/traits/genomics/codon_usage_bias.yaml	traitmech:000096	codon usage bias	codon_bias_translation_efficiency	NONMECHANISTIC	0	0	0	1	1	0	0	NONMECHANISTIC	0	0	-
data/traits/genomics/crispr_cas_system.yaml	traitmech:000094	CRISPR-Cas system	crispr_adaptive_immunity	MECHANISTIC	2	1	1	2	2	1	1	PASS	0	0	-
data/traits/genomics/damona_system.yaml	traitmech:000272	Damona system	damona_locus_restricts_phage	NONMECHANISTIC	0	0	0	0	0	0	0	NONMECHANISTIC	0	0	-
data/traits/genomics/darna_system.yaml	traitmech:000273	DARNA system	darna_phage_ssb_ssdna_cleaves_trna	NONMECHANISTIC	0	0	0	0	0	0	0	NONMECHANISTIC	0	0	-
data/traits/genomics/dartg_system.yaml	traitmech:000243	DarTG system	dartg_dna_adp_ribosylation_defense	NONMECHANISTIC	0	0	0	1	1	0	0	NONMECHANISTIC	0	0	-
data/traits/genomics/dazbog_system.yaml	traitmech:000245	Dazbog system	dazbog_locus_restricts_phage	NONMECHANISTIC	0	0	0	0	0	0	0	NONMECHANISTIC	0	0	-
data/traits/genomics/dctpdeaminase_system.yaml	traitmech:000274	dCTPdeaminase system	dctpdeaminase_dctp_depletion_defense	NONMECHANISTIC	0	0	0	0	0	0	0	NONMECHANISTIC	0	0	-
data/traits/genomics/ddmde_system.yaml	traitmech:000275	DdmDE system	ddmde_pago_helicase_plasmid_destruction	NONMECHANISTIC	0	0	0	1	1	0	0	NONMECHANISTIC	0	0	-
data/traits/genomics/detocs_system.yaml	traitmech:000302	Detocs system	detocs_locus_depletes_atp	NONMECHANISTIC	0	0	0	0	0	0	0	NONMECHANISTIC	0	0	-
data/traits/genomics/dgtpase_system.yaml	traitmech:000276	dGTPase system	dgtpase_dgtp_depletion_defense	NONMECHANISTIC	0	0	0	0	0	0	0	NONMECHANISTIC	0	0	-
data/traits/genomics/dionysus_system.yaml	traitmech:000330	Dionysus system	dionysus_locus_restricts_phage	NONMECHANISTIC	0	0	0	0	0	0	0	NONMECHANISTIC	0	0	-
data/traits/genomics/disarm_system.yaml	traitmech:000211	DISARM system	disarm_dna_sensing_antiphage_defense	MECHANISTIC	1	0	1	1	1	2	2	PASS	0	0	-
data/traits/genomics/divona_system.yaml	traitmech:000277	Divona system	divona_locus_restricts_phage	NONMECHANISTIC	0	0	0	0	0	0	0	NONMECHANISTIC	0	0	-
data/traits/genomics/dnd_system.yaml	traitmech:000221	Dnd system	dnd_dna_phosphorothioation_foreign_dna_nicking	NONMECHANISTIC	0	0	0	1	1	0	0	NONMECHANISTIC	0	0	-
data/traits/genomics/dndcdea_pbeabcd_system.yaml	traitmech:000224	DndCDEA-PbeABCD system	dndcdea_pbeabcd_pt_viral_replication_inhibition	NONMECHANISTIC	0	0	0	1	1	0	0	NONMECHANISTIC	0	0	-
data/traits/genomics/dodola_system.yaml	traitmech:000252	Dodola system	dodola_locus_restricts_phage	NONMECHANISTIC	0	0	0	0	0	0	0	NONMECHANISTIC	0	0	-
data/traits/genomics/dpd_system.yaml	traitmech:000278	Dpd system	dpd_dna_modification_defense	NONMECHANISTIC	0	0	0	0	0	0	0	NONMECHANISTIC	0	0	-
data/traits/genomics/drt_system.yaml	traitmech:000279	DRT system	drt_reverse_transcriptase_antiphage_defense	NONMECHANISTIC	0	0	0	0	0	0	0	NONMECHANISTIC	0	0	-
data/traits/genomics/druantia_system.yaml	traitmech:000234	Druantia system	druantia_drue_dna_processing_phage_defense	NONMECHANISTIC	0	0	0	1	1	0	0	NONMECHANISTIC	0	0	-
data/traits/genomics/dsr_system.yaml	traitmech:000280	Dsr system	dsr_sirtuin_antiphage_defense	NONMECHANISTIC	0	0	0	0	0	0	0	NONMECHANISTIC	0	0	-
data/traits/genomics/eleos_system.yaml	traitmech:000250	Eleos system	eleos_locus_restricts_phage	NONMECHANISTIC	0	0	0	0	0	0	0	NONMECHANISTIC	0	0	-
data/traits/genomics/epona_system.yaml	traitmech:000281	Epona system	epona_locus_restricts_phage	NONMECHANISTIC	0	0	0	0	0	0	0	NONMECHANISTIC	0	0	-
data/traits/genomics/erebus_system.yaml	traitmech:000308	Erebus system	erebus_locus_restricts_phage	NONMECHANISTIC	0	0	0	0	0	0	0	NONMECHANISTIC	0	0	-
data/traits/genomics/esos_system.yaml	traitmech:000282	Esos system	esos_locus_restricts_phage	NONMECHANISTIC	0	0	0	0	0	0	0	NONMECHANISTIC	0	0	-
data/traits/genomics/fliodhais_system.yaml	traitmech:000326	Fliodhais system	fliodhais_locus_restricts_phage	NONMECHANISTIC	0	0	0	0	0	0	0	NONMECHANISTIC	0	0	-
data/traits/genomics/gabija_system.yaml	traitmech:000215	Gabija system	gabija_gajab_complex_antiphage_defense	NONMECHANISTIC	0	0	0	1	1	0	0	NONMECHANISTIC	0	0	-
data/traits/genomics/gc_content.yaml	METPO:1000127	GC content	gc_content_composition_drivers	NONMECHANISTIC	0	0	0	1	1	0	0	NONMECHANISTIC	0	0	-
data/traits/genomics/gc_high.yaml	METPO:1000432	GC high	gc_high_low_gc_bin	NONMECHANISTIC	0	0	0	1	1	0	0	NONMECHANISTIC	0	0	-
data/traits/genomics/gc_low.yaml	METPO:1000429	GC low	gc_low_mid_low_gc_bin	NONMECHANISTIC	0	0	0	1	1	0	0	NONMECHANISTIC	0	0	-
data/traits/genomics/gc_mid1.yaml	METPO:1000430	GC mid1	gc_mid1_high_gc_bin	NONMECHANISTIC	0	0	0	1	1	0	0	NONMECHANISTIC	0	0	-
data/traits/genomics/gc_mid2.yaml	METPO:1000431	GC mid2	gc_mid2_mid_high_gc_bin	NONMECHANISTIC	0	0	0	1	1	0	0	NONMECHANISTIC	0	0	-
data/traits/genomics/gc_skew.yaml	traitmech:000097	GC skew	gc_skew_replication_strand_asymmetry	NONMECHANISTIC	0	0	0	1	1	0	0	NONMECHANISTIC	0	0	-
data/traits/genomics/geb_system.yaml	traitmech:000287	Geb system	geb_locus_restricts_phage	NONMECHANISTIC	0	0	0	0	0	0	0	NONMECHANISTIC	0	0	-
data/traits/genomics/genome_size.yaml	traitmech:000098	genome size	genome_size_population_lifestyle	NONMECHANISTIC	0	0	0	1	1	0	0	NONMECHANISTIC	0	0	-
data/traits/genomics/genome_streamlining.yaml	traitmech:000099	genome streamlining	streamlining_oligotrophic_selection	NONMECHANISTIC	0	0	0	1	1	0	0	NONMECHANISTIC	0	0	-
data/traits/genomics/genomic_island.yaml	traitmech:000093	genomic island	gi_hgt_accessory_function	NONMECHANISTIC	2	1	1	2	2	0	0	NONMECHANISTIC	0	0	-
data/traits/genomics/hachiman_system.yaml	traitmech:000219	Hachiman system	hachiman_hamab_dna_cleavage	NONMECHANISTIC	0	0	0	1	1	0	0	NONMECHANISTIC	0	0	-
data/traits/genomics/hailong_system.yaml	traitmech:000242	Hailong system	hailong_dna_gated_growth_arrest	NONMECHANISTIC	0	0	0	1	1	0	0	NONMECHANISTIC	0	0	-
data/traits/genomics/hesat_system.yaml	traitmech:000327	Hesat system	hesat_locus_restricts_phage	NONMECHANISTIC	0	0	0	0	0	0	0	NONMECHANISTIC	0	0	-
data/traits/genomics/hna_system.yaml	traitmech:000241	Hna system	hna_ssb_triggered_abortive_infection	NONMECHANISTIC	0	0	0	1	1	0	0	NONMECHANISTIC	0	0	-
data/traits/genomics/hypnos_system.yaml	traitmech:000309	Hypnos system	hypnos_locus_restricts_phage	NONMECHANISTIC	0	0	0	0	0	0	0	NONMECHANISTIC	0	0	-
data/traits/genomics/jukab_system.yaml	traitmech:000305	JukAB system	jukab_recruits_effector_to_block_jumbo_phage	NONMECHANISTIC	0	0	0	1	1	0	0	NONMECHANISTIC	0	0	-
data/traits/genomics/kamadhenu_system.yaml	traitmech:000310	Kamadhenu system	kamadhenu_locus_restricts_phage	NONMECHANISTIC	0	0	0	0	0	0	0	NONMECHANISTIC	0	0	-
data/traits/genomics/kiwa_system.yaml	traitmech:000231	Kiwa system	kiwa_membrane_sensing_dna_binding	NONMECHANISTIC	0	0	0	1	1	0	0	NONMECHANISTIC	0	0	-
data/traits/genomics/lamassu_system.yaml	traitmech:000232	Lamassu system	lamassu_smc_dna_sensing_nuclease_activation	NONMECHANISTIC	0	0	0	1	1	0	0	NONMECHANISTIC	0	0	-
data/traits/genomics/lugos_system.yaml	traitmech:000283	Lugos system	lugos_locus_restricts_phage	NONMECHANISTIC	0	0	0	0	0	0	0	NONMECHANISTIC	0	0	-
data/traits/genomics/menshen_system.yaml	traitmech:000253	Menshen system	menshen_locus_restricts_phage	NONMECHANISTIC	0	0	0	0	0	0	0	NONMECHANISTIC	0	0	-
data/traits/genomics/mmb_gp29_gp30_system.yaml	traitmech:000297	MMB gp29-gp30 system	mmb_gp29_gp30_locus_restricts_phage	NONMECHANISTIC	0	0	0	0	0	0	0	NONMECHANISTIC	0	0	-
data/traits/genomics/mobile_genetic_element.yaml	traitmech:000089	mobile genetic element	mge_horizontal_gene_transfer	NONMECHANISTIC	5	1	4	1	1	0	0	NONMECHANISTIC	0	0	-
data/traits/genomics/mokosh_system.yaml	traitmech:000246	Mokosh system	mokosh_locus_restricts_phage	NONMECHANISTIC	0	0	0	0	0	0	0	NONMECHANISTIC	0	0	-
data/traits/genomics/nantosuelta_system.yaml	traitmech:000284	Nantosuelta system	nantosuelta_locus_restricts_phage	NONMECHANISTIC	0	0	0	0	0	0	0	NONMECHANISTIC	0	0	-
data/traits/genomics/nemetona_system.yaml	traitmech:000285	Nemetona system	nemetona_locus_restricts_phage	NONMECHANISTIC	0	0	0	0	0	0	0	NONMECHANISTIC	0	0	-
data/traits/genomics/ogmios_system.yaml	traitmech:000286	Ogmios system	ogmios_locus_restricts_phage	NONMECHANISTIC	0	0	0	0	0	0	0	NONMECHANISTIC	0	0	-
data/traits/genomics/olokun_system.yaml	traitmech:000254	Olokun system	olokun_locus_restricts_phage	NONMECHANISTIC	0	0	0	0	0	0	0	NONMECHANISTIC	0	0	-
data/traits/genomics/ophion_system.yaml	traitmech:000331	Ophion system	ophion_locus_restricts_phage	NONMECHANISTIC	0	0	0	0	0	0	0	NONMECHANISTIC	0	0	-
data/traits/genomics/oshun_system.yaml	traitmech:000293	Oshun system	oshun_locus_restricts_phage	NONMECHANISTIC	0	0	0	0	0	0	0	NONMECHANISTIC	0	0	-
data/traits/genomics/panchino_gp28_system.yaml	traitmech:000294	Panchino gp28 system	panchino_gp28_locus_restricts_phage	NONMECHANISTIC	0	0	0	0	0	0	0	NONMECHANISTIC	0	0	-
data/traits/genomics/pangenome_openness.yaml	traitmech:000102	pangenome openness	pangenome_openness_hgt	NONMECHANISTIC	0	0	0	1	1	0	0	NONMECHANISTIC	0	0	-
data/traits/genomics/paris_system.yaml	traitmech:000237	PARIS system	paris_ariab_trna_cleavage_abortive_defense	NONMECHANISTIC	0	0	0	1	1	0	0	NONMECHANISTIC	0	0	-
data/traits/genomics/phage_defense_system.yaml	traitmech:000209	phage defense system	phage_defense_system_hierarchy	NONMECHANISTIC	0	0	0	1	1	0	0	NONMECHANISTIC	0	0	-
data/traits/genomics/phosphorothioate_defense_system.yaml	traitmech:000213	phosphorothioate defense system	phosphorothioate_dna_restriction_antiviral_defense	NONMECHANISTIC	0	0	0	1	1	0	0	NONMECHANISTIC	0	0	-
data/traits/genomics/phrann_gp29_gp30_system.yaml	traitmech:000296	Phrann gp29-gp30 system	phrann_gp29_gp30_locus_restricts_phage	NONMECHANISTIC	0	0	0	0	0	0	0	NONMECHANISTIC	0	0	-
data/traits/genomics/pif_system.yaml	traitmech:000323	Pif system	pif_locus_specifies_t7_abortive_infection	NONMECHANISTIC	0	0	0	0	0	0	0	NONMECHANISTIC	0	0	-
data/traits/genomics/plasmid_carriage.yaml	traitmech:000090	plasmid carriage	plasmid_conjugation_hgt	NONMECHANISTIC	3	0	3	2	2	0	0	NONMECHANISTIC	0	0	-
data/traits/genomics/ploidy.yaml	traitmech:000100	ploidy	ploidy_repair_survival	NONMECHANISTIC	0	0	0	1	1	0	0	NONMECHANISTIC	0	0	-
data/traits/genomics/prithvi_system.yaml	traitmech:000290	Prithvi system	prithvi_locus_restricts_phage	NONMECHANISTIC	0	0	0	0	0	0	0	NONMECHANISTIC	0	0	-
data/traits/genomics/prometheus_system.yaml	traitmech:000291	Prometheus system	prometheus_locus_restricts_phage	NONMECHANISTIC	0	0	0	0	0	0	0	NONMECHANISTIC	0	0	-
data/traits/genomics/prophage.yaml	traitmech:000091	prophage	prophage_lysogeny	NONMECHANISTIC	3	1	2	2	2	0	0	NONMECHANISTIC	0	0	-
data/traits/genomics/psyrta_system.yaml	traitmech:000257	PsyrTA system	psyrta_locus_restricts_phage	NONMECHANISTIC	0	0	0	0	0	0	0	NONMECHANISTIC	0	0	-
data/traits/genomics/pycsar_system.yaml	traitmech:000236	Pycsar system	pycsar_cyclic_pyrimidine_phage_defense	NONMECHANISTIC	0	0	0	1	1	0	0	NONMECHANISTIC	0	0	-
data/traits/genomics/radar_system.yaml	traitmech:000238	RADAR system	radar_rdrab_deamination_antiphage_defense	NONMECHANISTIC	0	0	0	1	1	0	0	NONMECHANISTIC	0	0	-
data/traits/genomics/restriction_modification_system.yaml	traitmech:000095	restriction-modification system	rm_self_nonself_defense	MECHANISTIC	4	0	4	2	2	1	1	PASS	0	0	-
data/traits/genomics/retron_system.yaml	traitmech:000235	Retron system	retron_msdna_effector_abortive_defense	NONMECHANISTIC	0	0	0	1	1	0	0	NONMECHANISTIC	0	0	-
data/traits/genomics/rexab_system.yaml	traitmech:000324	RexAB system	rexab_locus_mediates_rex_exclusion	NONMECHANISTIC	0	0	0	0	0	0	0	NONMECHANISTIC	0	0	-
data/traits/genomics/rhea_system.yaml	traitmech:000311	Rhea system	rhea_locus_restricts_phage	NONMECHANISTIC	0	0	0	0	0	0	0	NONMECHANISTIC	0	0	-
data/traits/genomics/rosmerta_system.yaml	traitmech:000256	RosmerTA system	rosmerta_locus_restricts_phage	NONMECHANISTIC	0	0	0	0	0	0	0	NONMECHANISTIC	0	0	-
data/traits/genomics/rrna_operon_copy_number.yaml	traitmech:000101	rRNA operon copy number	rrn_copy_growth_rate	NONMECHANISTIC	0	0	0	2	2	0	0	NONMECHANISTIC	0	0	-
data/traits/genomics/rugutis_system.yaml	traitmech:000315	Rugutis system	rugutis_locus_restricts_phage	NONMECHANISTIC	0	0	0	0	0	0	0	NONMECHANISTIC	0	0	-
data/traits/genomics/sefir_system.yaml	traitmech:000259	SEFIR system	sefir_locus_restricts_phage	NONMECHANISTIC	0	0	0	0	0	0	0	NONMECHANISTIC	0	0	-
data/traits/genomics/septu_system.yaml	traitmech:000233	Septu system	septu_ptuab_oligomer_nuclease_defense	NONMECHANISTIC	0	0	0	1	1	0	0	NONMECHANISTIC	0	0	-
data/traits/genomics/shango_system.yaml	traitmech:000255	Shango system	shango_locus_restricts_phage	NONMECHANISTIC	0	0	0	0	0	0	0	NONMECHANISTIC	0	0	-
data/traits/genomics/shedu_system.yaml	traitmech:000220	Shedu system	shedu_dna_end_nicking	NONMECHANISTIC	0	0	0	1	1	0	0	NONMECHANISTIC	0	0	-
data/traits/genomics/shosta_system.yaml	traitmech:000258	ShosTA system	shosta_locus_restricts_phage	NONMECHANISTIC	0	0	0	0	0	0	0	NONMECHANISTIC	0	0	-
data/traits/genomics/sirona_system.yaml	traitmech:000264	Sirona system	sirona_locus_restricts_phage	NONMECHANISTIC	0	0	0	0	0	0	0	NONMECHANISTIC	0	0	-
data/traits/genomics/six_a_mbl_system.yaml	traitmech:000314	6A-MBL system	six_a_mbl_locus_restricts_phage	NONMECHANISTIC	0	0	0	0	0	0	0	NONMECHANISTIC	0	0	-
data/traits/genomics/sofic_system.yaml	traitmech:000260	SoFIC system	sofic_locus_restricts_phage	NONMECHANISTIC	0	0	0	0	0	0	0	NONMECHANISTIC	0	0	-
data/traits/genomics/sparta_system.yaml	traitmech:000240	SPARTA system	sparta_pago_tir_apaz_nadase_cell_death	NONMECHANISTIC	0	0	0	0	0	0	0	NONMECHANISTIC	0	0	-
data/traits/genomics/spbk_system.yaml	traitmech:000325	SpbK system	spbk_locus_mediates_spb_defense	NONMECHANISTIC	0	0	0	1	1	0	0	NONMECHANISTIC	0	0	-
data/traits/genomics/sspabcd_sspe_system.yaml	traitmech:000222	SspABCD-SspE system	sspabcd_sspe_pt_site_dependent_dna_nicking	NONMECHANISTIC	0	0	0	1	1	0	0	NONMECHANISTIC	0	0	-
data/traits/genomics/sspabcd_sspfgh_system.yaml	traitmech:000223	SspABCD-SspFGH system	sspabcd_sspfgh_non_pt_dna_damage	NONMECHANISTIC	0	0	0	1	1	0	0	NONMECHANISTIC	0	0	-
data/traits/genomics/stk2_system.yaml	traitmech:000303	Stk2 system	stk2_activation_aborts_phage_infection	NONMECHANISTIC	0	0	0	0	0	0	0	NONMECHANISTIC	0	0	-
data/traits/genomics/sucellos_system.yaml	traitmech:000266	Sucellos system	sucellos_locus_restricts_phage	NONMECHANISTIC	0	0	0	0	0	0	0	NONMECHANISTIC	0	0	-
data/traits/genomics/taranis_system.yaml	traitmech:000265	Taranis system	taranis_locus_restricts_phage	NONMECHANISTIC	0	0	0	0	0	0	0	NONMECHANISTIC	0	0	-
data/traits/genomics/thoeris_system.yaml	traitmech:000216	Thoeris system	thoeris_tir_signal_nad_depletion_defense	NONMECHANISTIC	0	0	0	1	1	0	0	NONMECHANISTIC	0	0	-
data/traits/genomics/tiamat_system.yaml	traitmech:000261	Tiamat system	tiamat_locus_restricts_phage	NONMECHANISTIC	0	0	0	0	0	0	0	NONMECHANISTIC	0	0	-
data/traits/genomics/toutatis_system.yaml	traitmech:000267	Toutatis system	toutatis_locus_restricts_phage	NONMECHANISTIC	0	0	0	0	0	0	0	NONMECHANISTIC	0	0	-
data/traits/genomics/toxin_system.yaml	traitmech:000226	ToxIN system	toxin_type_iii_ta_antiphage_activity	NONMECHANISTIC	0	0	0	1	1	0	0	NONMECHANISTIC	0	0	-
data/traits/genomics/transposable_element.yaml	traitmech:000092	transposable element	te_transposition_rearrangement	NONMECHANISTIC	1	1	0	2	2	0	0	NONMECHANISTIC	0	0	-
data/traits/genomics/ukko_system.yaml	traitmech:000292	Ukko system	ukko_locus_restricts_phage	NONMECHANISTIC	0	0	0	0	0	0	0	NONMECHANISTIC	0	0	-
data/traits/genomics/uzume_system.yaml	traitmech:000262	Uzume system	uzume_locus_restricts_phage	NONMECHANISTIC	0	0	0	0	0	0	0	NONMECHANISTIC	0	0	-
data/traits/genomics/veles_system.yaml	traitmech:000289	Veles system	veles_locus_restricts_phage	NONMECHANISTIC	0	0	0	0	0	0	0	NONMECHANISTIC	0	0	-
data/traits/genomics/viperin_system.yaml	traitmech:000263	Viperin system	viperin_modified_ribonucleotides_restrict_phage	NONMECHANISTIC	0	0	0	0	0	0	0	NONMECHANISTIC	0	0	-
data/traits/genomics/wadjet_system.yaml	traitmech:000218	Wadjet system	wadjet_smc_plasmid_restriction	NONMECHANISTIC	0	0	0	1	1	0	0	NONMECHANISTIC	0	0	-
data/traits/genomics/zorya_system.yaml	traitmech:000217	Zorya system	zorya_zorab_effector_antiphage_defense	NONMECHANISTIC	0	0	0	1	1	0	0	NONMECHANISTIC	0	0	-
data/traits/metabolism/acetogenesis.yaml	METPO:1000845	Acetogenesis	acetogenesis_wood_ljungdahl	MECHANISTIC	1	1	0	1	1	1	1	PASS	0	0	-
data/traits/metabolism/aerobic_respiration.yaml	METPO:1000801	Aerobic respiration	aerobic_respiration_terminal_oxidase	MECHANISTIC	2	2	0	2	2	1	1	PASS	0	0	-
data/traits/metabolism/anaerobic_oxidation_of_methane.yaml	traitmech:000033	anaerobic oxidation of methane	aom_anme_sulfate_consortium	MECHANISTIC	1	1	0	1	1	1	1	PASS	0	0	-
data/traits/metabolism/anaerobic_respiration.yaml	METPO:1000802	Anaerobic respiration	anaerobic_respiration_denitrification	MECHANISTIC	3	2	1	3	3	1	1	PASS	0	0	-
data/traits/metabolism/anoxygenic_photosynthesis.yaml	traitmech:000035	anoxygenic photosynthesis	anoxygenic_photosynthesis_sulfide_donor	MECHANISTIC	1	1	0	1	1	1	1	PASS	0	0	-
data/traits/metabolism/biopolymer_degradation.yaml	traitmech:000110	biopolymer degradation	biopolymer_degradation_extracellular_hydrolysis	MECHANISTIC	7	3	4	2	2	1	1	PASS	0	0	-
data/traits/metabolism/cable_bacteria_metabolism.yaml	METPO:1002003	Cable bacteria metabolism	cable_bacteria_long_distance_electron_transport	MECHANISTIC	1	0	1	2	2	2	2	PASS	0	0	-
data/traits/metabolism/calvin_benson_bassham_cycle.yaml	traitmech:000020	Calvin-Benson-Bassham cycle	cbb_rubisco_co2_fixation	MECHANISTIC	4	3	1	2	2	1	1	PASS	0	0	-
data/traits/metabolism/carbon_fixation.yaml	traitmech:000019	carbon fixation	carbon_fixation_co2_assimilation	MECHANISTIC	3	2	1	2	2	1	1	PASS	0	0	-
data/traits/metabolism/cellulolysis.yaml	traitmech:000111	cellulolysis	cellulolysis_cellulase_systems	MECHANISTIC	8	6	2	1	1	1	1	PASS	0	0	-
data/traits/metabolism/chitinolysis.yaml	traitmech:000112	chitinolysis	chitinolysis_chitinase	MECHANISTIC	4	2	2	1	1	2	2	PASS	0	0	-
data/traits/metabolism/denitrification.yaml	traitmech:000104	denitrification	denitrification_stepwise_nitrate_to_n2	MECHANISTIC	4	3	1	1	1	1	1	PASS	0	0	-
data/traits/metabolism/dicarboxylate_four_hydroxybutyrate_cycle.yaml	traitmech:000025	dicarboxylate/4-hydroxybutyrate cycle	dc_four_hb_anaerobic_archaeal_co2_fixation	MECHANISTIC	3	2	1	2	2	1	1	PASS	0	0	-
data/traits/metabolism/disproportionation.yaml	METPO:1000806	Disproportionation	sulfur_disproportionation_redox_split	MECHANISTIC	3	2	1	2	2	1	1	PASS	0	0	-
data/traits/metabolism/dissimilatory_iron_reduction.yaml	traitmech:000031	dissimilatory iron reduction	dir_ferric_iron_respiration	MECHANISTIC	1	1	0	2	2	1	1	PASS	0	0	-
data/traits/metabolism/dissimilatory_manganese_reduction.yaml	traitmech:000108	dissimilatory manganese reduction	dmr_mn_oxide_respiration	MECHANISTIC	1	1	0	2	2	1	1	PASS	0	0	-
data/traits/metabolism/dissimilatory_metal_reduction.yaml	traitmech:000039	dissimilatory metal reduction	metal_reduction_anaerobic_respiration	MECHANISTIC	1	0	1	2	2	1	1	PASS	0	0	-
data/traits/metabolism/dissimilatory_nitrate_reduction_to_ammonium.yaml	traitmech:000030	dissimilatory nitrate reduction to ammonium	dnra_nitrate_to_ammonium	MECHANISTIC	4	2	2	2	2	1	1	PASS	0	0	-
data/traits/metabolism/dissimilatory_sulfate_reduction.yaml	traitmech:000105	dissimilatory sulfate reduction	sulfate_reduction_to_sulfide	MECHANISTIC	4	2	2	1	1	2	2	PASS	0	0	-
data/traits/metabolism/electron_transfer.yaml	METPO:1000805	Electron transfer	electron_transfer_redox_carriers	MECHANISTIC	6	1	5	3	3	1	1	PASS	0	0	-
data/traits/metabolism/ethanol_fermentation.yaml	traitmech:000028	ethanol fermentation	ethanol_fermentation_pyruvate_to_ethanol	MECHANISTIC	2	2	0	2	2	1	1	PASS	0	0	-
data/traits/metabolism/fermentation.yaml	METPO:1002005	Fermentation	fermentation_redox_energy	MECHANISTIC	3	2	1	4	4	1	1	PASS	0	0	-
data/traits/metabolism/fermentative_hydrogen_production.yaml	traitmech:000109	fermentative hydrogen production	fermentative_h2_production	MECHANISTIC	1	0	1	2	2	1	1	PASS	0	0	-
data/traits/metabolism/homoacetogenesis.yaml	METPO:1000846	Homoacetogenesis	homoacetogenesis_wood_ljungdahl_acetate	MECHANISTIC	6	3	3	2	2	1	1	PASS	0	0	-
data/traits/metabolism/iron_oxidation.yaml	traitmech:000107	iron oxidation	iron_oxidation_ferrous_to_ferric	MECHANISTIC	4	0	4	2	2	1	1	PASS	0	0	-
data/traits/metabolism/lactic_acid_fermentation.yaml	traitmech:000026	lactic acid fermentation	lactic_acid_fermentation_lactate	MECHANISTIC	1	1	0	2	2	1	1	PASS	0	0	-
data/traits/metabolism/lignin_degradation.yaml	traitmech:000114	lignin degradation	lignin_degradation_peroxidase_laccase	MECHANISTIC	5	4	1	3	3	1	1	PASS	0	0	-
data/traits/metabolism/manganese_oxidation.yaml	traitmech:000032	manganese oxidation	manganese_oxidation_multicopper_oxidase	MECHANISTIC	2	2	0	2	2	1	1	PASS	0	0	-
data/traits/metabolism/metabolism.yaml	METPO:1000060	metabolism	metabolism_substrate_to_growth	MECHANISTIC	1	1	0	1	1	1	1	PASS	0	0	-
data/traits/metabolism/methanogenesis.yaml	METPO:1000844	Methanogenesis	methanogenesis_c1_reduction	MECHANISTIC	1	1	0	2	2	1	1	PASS	0	0	-
data/traits/metabolism/mixed_acid_fermentation.yaml	traitmech:000027	mixed-acid fermentation	mixed_acid_fermentation_enterobacterial	MECHANISTIC	3	1	2	2	2	1	1	PASS	0	0	-
data/traits/metabolism/nitrogen_fixation.yaml	traitmech:000103	nitrogen fixation	nitrogen_fixation_nitrogenase	MECHANISTIC	3	2	1	1	1	1	1	PASS	0	0	-
data/traits/metabolism/oxidative_phosphorylation.yaml	METPO:1000803	Oxidative phosphorylation	oxidative_phosphorylation_chemiosmotic_coupling	MECHANISTIC	4	3	1	1	1	1	1	PASS	0	0	-
data/traits/metabolism/oxygenic_photosynthesis.yaml	traitmech:000034	oxygenic photosynthesis	oxygenic_photosynthesis_water_splitting	MECHANISTIC	5	4	1	2	2	1	1	PASS	0	0	-
data/traits/metabolism/photoferrotrophy.yaml	traitmech:000193	photoferrotrophy	photoferrotrophy_light_feii_oxidation	NONMECHANISTIC	0	0	0	1	1	0	0	NONMECHANISTIC	0	0	-
data/traits/metabolism/photosynthesis.yaml	traitmech:000038	photosynthesis	photosynthesis_chlorophyll_reaction_center	MECHANISTIC	1	1	0	3	3	1	1	PASS	0	0	-
data/traits/metabolism/phototrophy.yaml	traitmech:000037	phototrophy	phototrophy_light_energy_capture	MECHANISTIC	2	1	1	3	3	1	1	PASS	0	0	-
data/traits/metabolism/propionic_acid_fermentation.yaml	traitmech:000029	propionic acid fermentation	propionic_acid_fermentation_propionate	MECHANISTIC	1	1	0	2	2	1	1	PASS	0	0	-
data/traits/metabolism/proteolysis.yaml	traitmech:000116	proteolysis	proteolysis_extracellular_protease	MECHANISTIC	3	0	3	2	2	1	1	PASS	0	0	-
data/traits/metabolism/proteorhodopsin_phototrophy.yaml	traitmech:000036	proteorhodopsin phototrophy	proteorhodopsin_light_driven_proton_pump	MECHANISTIC	1	1	0	2	2	1	1	PASS	0	0	-
data/traits/metabolism/reductive_tca_cycle.yaml	traitmech:000021	reductive tricarboxylic acid cycle	rtca_reverse_tricarboxylic_acid_co2_fixation	MECHANISTIC	4	1	3	2	2	2	2	PASS	0	0	-
data/traits/metabolism/respiration.yaml	METPO:1000800	respiration	respiration_electron_acceptor_energy_conservation	MECHANISTIC	2	2	0	3	3	1	1	PASS	0	0	-
data/traits/metabolism/starch_degradation.yaml	traitmech:000115	starch degradation	starch_degradation_amylase	MECHANISTIC	2	1	1	1	1	1	1	PASS	0	0	-
data/traits/metabolism/substrate_level_phosphorylation.yaml	METPO:1000804	Substrate-level phosphorylation	substrate_level_phosphorylation_direct_atp	MECHANISTIC	2	2	0	3	3	1	1	PASS	0	0	-
data/traits/metabolism/sulfur_oxidation.yaml	traitmech:000106	sulfur oxidation	sulfur_oxidation_sox	MECHANISTIC	5	2	3	2	2	1	1	PASS	0	0	-
data/traits/metabolism/syntrophy.yaml	METPO:1002006	Syntrophy	syntrophy_interspecies_electron_transfer	MECHANISTIC	4	2	2	2	2	1	1	PASS	0	0	-
data/traits/metabolism/three_hydroxypropionate_bicycle.yaml	traitmech:000023	3-hydroxypropionate bicycle	three_hp_bicycle_chloroflexus	MECHANISTIC	5	2	3	1	1	1	1	PASS	0	0	-
data/traits/metabolism/three_hydroxypropionate_four_hydroxybutyrate_cycle.yaml	traitmech:000024	3-hydroxypropionate/4-hydroxybutyrate cycle	three_hp_four_hb_sulfolobales	MECHANISTIC	2	0	2	2	2	4	4	PASS	0	0	-
data/traits/metabolism/wood_ljungdahl_pathway.yaml	traitmech:000022	Wood-Ljungdahl pathway	wood_ljungdahl_reductive_acetyl_coa	MECHANISTIC	5	4	1	1	1	1	1	PASS	0	0	-
data/traits/metabolism/xylan_degradation.yaml	traitmech:000113	xylan degradation	xylan_degradation_xylanase	MECHANISTIC	2	0	2	2	2	1	1	PASS	0	0	-
data/traits/morphology/amphitrichous.yaml	traitmech:000059	amphitrichous	amphitrichous_bipolar_flagella	NONMECHANISTIC	5	1	4	1	1	0	0	NONMECHANISTIC	0	0	-
data/traits/morphology/axially_filamented.yaml	METPO:1000705	axially filamented	axially_filamented_periplasmic_flagella	NONMECHANISTIC	4	0	4	1	1	0	0	NONMECHANISTIC	0	0	-
data/traits/morphology/bacillus_shaped.yaml	METPO:1000667	bacillus shaped	bacillus_shaped_rod_elongation	NONMECHANISTIC	6	2	4	1	1	0	0	NONMECHANISTIC	0	0	-
data/traits/morphology/black_pigmented.yaml	METPO:1003022	black pigmented	black_pigmented_melanin_polymer	NONMECHANISTIC	5	2	3	2	2	0	0	NONMECHANISTIC	0	0	-
data/traits/morphology/branched_shaped.yaml	METPO:1000687	branched shaped	branched_shaped_streptomyces_branching	NONMECHANISTIC	2	0	2	1	1	0	0	NONMECHANISTIC	0	0	-
data/traits/morphology/brown_pigmented.yaml	METPO:1003023	brown pigmented	brown_pigmented_pyomelanin_pathway	MECHANISTIC	2	2	0	1	1	1	1	PASS	0	0	-
data/traits/morphology/capsule.yaml	traitmech:000063	capsule	capsule_polysaccharide_protection	NONMECHANISTIC	4	0	4	1	1	0	0	NONMECHANISTIC	0	0	-
data/traits/morphology/carboxysome.yaml	traitmech:000072	carboxysome	carboxysome_co2_concentrating	MECHANISTIC	2	1	1	2	2	1	1	PASS	0	0	-
data/traits/morphology/carotenoid_pigmentation.yaml	METPO:1003031	carotenoid pigmentation	carotenoid_pigmentation_crt_pathway	NONMECHANISTIC	4	1	3	1	1	0	0	NONMECHANISTIC	0	0	-
data/traits/morphology/cell_length.yaml	METPO:1000881	cell length	cell_length_division_growth_control	NONMECHANISTIC	4	0	4	1	1	0	0	NONMECHANISTIC	0	0	-
data/traits/morphology/cell_length_large.yaml	METPO:1000886	cell length large	cell_length_large_division_delay	NONMECHANISTIC	2	2	0	1	1	0	0	NONMECHANISTIC	0	0	-
data/traits/morphology/cell_length_medium.yaml	METPO:1000885	cell length medium	cell_length_medium_growth_rate	NONMECHANISTIC	2	0	2	1	1	0	0	NONMECHANISTIC	0	0	-
data/traits/morphology/cell_length_small.yaml	METPO:1000884	cell length small	cell_length_small_size_setpoint	NONMECHANISTIC	3	0	3	1	1	0	0	NONMECHANISTIC	0	0	-
data/traits/morphology/cell_length_very_small.yaml	METPO:1000883	cell length very small	cell_length_very_small_streamlining	NONMECHANISTIC	0	0	0	1	1	0	0	NONMECHANISTIC	0	0	-
data/traits/morphology/cell_shape.yaml	METPO:1000666	cell shape	cell_shape_peptidoglycan_cytoskeleton	NONMECHANISTIC	5	1	4	1	1	0	0	NONMECHANISTIC	0	0	-
data/traits/morphology/cell_width.yaml	METPO:1000882	cell width	cell_width_mreb_lateral_wall	NONMECHANISTIC	3	0	3	3	3	0	0	NONMECHANISTIC	0	0	-
data/traits/morphology/cell_width_large.yaml	METPO:1000890	cell width large	cell_width_large_setpoint_increase	NONMECHANISTIC	3	0	3	1	1	0	0	NONMECHANISTIC	0	0	-
data/traits/morphology/cell_width_medium.yaml	METPO:1000889	cell width medium	cell_width_medium_typical_rod	NONMECHANISTIC	5	0	5	1	1	0	0	NONMECHANISTIC	0	0	-
data/traits/morphology/cell_width_small.yaml	METPO:1000888	cell width small	cell_width_small_mreb_setpoint	NONMECHANISTIC	2	0	2	1	1	0	0	NONMECHANISTIC	0	0	-
data/traits/morphology/cell_width_very_small.yaml	METPO:1000887	cell width very small	cell_width_very_small_streamlining	NONMECHANISTIC	2	0	2	1	1	0	0	NONMECHANISTIC	0	0	-
data/traits/morphology/coccobacillus_shaped.yaml	METPO:1000688	coccobacillus shaped	coccobacillus_shaped_short_rod_morphogenesis	NONMECHANISTIC	5	0	5	1	1	0	0	NONMECHANISTIC	0	0	-
data/traits/morphology/coccus_shaped.yaml	METPO:1000668	coccus shaped	coccus_shaped_septal_growth	NONMECHANISTIC	3	1	2	1	1	0	0	NONMECHANISTIC	0	0	-
data/traits/morphology/cream_pigmented.yaml	METPO:1003024	cream pigmented	cream_pigmented_low_carotenoid_density	NONMECHANISTIC	1	0	1	1	1	0	0	NONMECHANISTIC	0	0	-
data/traits/morphology/crescent_shaped.yaml	METPO:1000669	crescent shaped	crescent_shaped_crescentin_curvature	MECHANISTIC	1	0	1	2	2	1	1	PASS	0	0	-
data/traits/morphology/curved_shaped.yaml	METPO:1000670	curved shaped	curved_shaped_scaffolded_curvature	NONMECHANISTIC	2	0	2	2	2	0	0	NONMECHANISTIC	0	0	-
data/traits/morphology/diplococcus_shaped.yaml	METPO:1000671	diplococcus shaped	diplococcus_shaped_septal_separation	NONMECHANISTIC	3	0	3	1	1	0	0	NONMECHANISTIC	0	0	-
data/traits/morphology/disc_shaped.yaml	METPO:1000689	disc shaped	disc_shaped_anisotropic_wall_growth	NONMECHANISTIC	0	0	0	1	1	0	0	NONMECHANISTIC	0	0	-
data/traits/morphology/dumbbell_shaped.yaml	METPO:1000672	dumbbell shaped	dumbbell_shaped_snapping_division	NONMECHANISTIC	1	0	1	1	1	0	0	NONMECHANISTIC	0	0	-
data/traits/morphology/ellipsoidal.yaml	METPO:1000673	ellipsoidal	ellipsoidal_ovococcal_elongation	MECHANISTIC	4	3	1	1	1	1	1	PASS	0	0	-
data/traits/morphology/filament_shaped.yaml	METPO:1000674	filament shaped	filament_shaped_streptomyces_polar_growth	NONMECHANISTIC	4	3	1	1	1	0	0	NONMECHANISTIC	0	0	-
data/traits/morphology/flagellar_arrangement.yaml	traitmech:000056	flagellar arrangement	flagellar_arrangement_flhf_flhg	NONMECHANISTIC	4	1	3	2	2	0	0	NONMECHANISTIC	0	0	-
data/traits/morphology/flagellated.yaml	METPO:1000704	flagellated	flagellated_flagellar_motor	MECHANISTIC	7	0	7	3	3	1	1	PASS	0	0	-
data/traits/morphology/flask_shaped.yaml	METPO:1000675	flask shaped	flask_shaped_asymmetric_polar_growth	NONMECHANISTIC	1	0	1	1	1	0	0	NONMECHANISTIC	0	0	-
data/traits/morphology/fusiform_shaped.yaml	METPO:1000690	fusiform shaped	fusiform_shaped_tapered_polar_growth	NONMECHANISTIC	6	2	4	1	1	0	0	NONMECHANISTIC	0	0	-
data/traits/morphology/gas_vesicle.yaml	traitmech:000070	gas vesicle	gas_vesicle_buoyancy	MECHANISTIC	3	0	3	2	2	1	1	PASS	0	0	-
data/traits/morphology/gliding.yaml	METPO:1000706	gliding	gliding_surface_motility	MECHANISTIC	3	0	3	2	2	1	1	PASS	0	0	-
data/traits/morphology/gram_negative.yaml	METPO:1000699	gram negative	gram_negative_outer_membrane_dye_loss	NONMECHANISTIC	3	0	3	1	1	0	0	NONMECHANISTIC	0	0	-
data/traits/morphology/gram_positive.yaml	METPO:1000698	gram positive	gram_positive_cell_wall_retention	NONMECHANISTIC	0	0	0	1	1	0	0	NONMECHANISTIC	0	0	-
data/traits/morphology/gram_stain.yaml	METPO:1000697	gram stain	gram_stain_cell_envelope_retention	NONMECHANISTIC	0	0	0	2	2	0	0	NONMECHANISTIC	0	0	-
data/traits/morphology/gram_variable.yaml	METPO:1000700	gram variable	gram_variable_wall_thinning	NONMECHANISTIC	0	0	0	2	2	0	0	NONMECHANISTIC	0	0	-
data/traits/morphology/green_pigmented.yaml	METPO:1003025	green pigmented	green_pigmented_pyocyanin_phenazine	NONMECHANISTIC	2	0	2	2	2	0	0	NONMECHANISTIC	0	0	-
data/traits/morphology/helical_shaped.yaml	METPO:1000676	helical shaped	helical_shaped_pg_relaxation	NONMECHANISTIC	2	0	2	1	1	0	0	NONMECHANISTIC	0	0	-
data/traits/morphology/heterocyst.yaml	traitmech:000073	heterocyst	heterocyst_microoxic_nitrogen_fixation	MECHANISTIC	3	0	3	1	1	1	1	PASS	0	0	-
data/traits/morphology/intracellular_inclusion.yaml	traitmech:000066	intracellular inclusion	inclusion_compartmentalization	NONMECHANISTIC	3	1	2	3	3	0	0	NONMECHANISTIC	0	0	-
data/traits/morphology/irregular_shaped.yaml	METPO:1000691	irregular shaped	irregular_shaped_loss_of_patterning	NONMECHANISTIC	0	0	0	1	1	0	0	NONMECHANISTIC	0	0	-
data/traits/morphology/lophotrichous.yaml	traitmech:000058	lophotrichous	lophotrichous_polar_tuft	NONMECHANISTIC	5	2	3	2	2	0	0	NONMECHANISTIC	0	0	-
data/traits/morphology/magnetosome.yaml	traitmech:000071	magnetosome	magnetosome_magnetotaxis	MECHANISTIC	3	0	3	1	1	1	1	PASS	0	0	-
data/traits/morphology/monotrichous.yaml	traitmech:000057	monotrichous	monotrichous_single_polar_flagellum	NONMECHANISTIC	5	1	4	2	2	0	0	NONMECHANISTIC	0	0	-
data/traits/morphology/motile.yaml	METPO:1000702	motile	motile_energy_dependent_locomotion	MECHANISTIC	9	1	8	3	3	1	1	PASS	0	0	-
data/traits/morphology/motility.yaml	METPO:1000701	motility	motility_locomotion_machinery	NONMECHANISTIC	6	1	5	2	2	0	0	NONMECHANISTIC	0	0	-
data/traits/morphology/mycelial_growth.yaml	traitmech:000074	mycelial growth	mycelial_branching_hyphal_growth	NONMECHANISTIC	4	0	4	1	1	0	0	NONMECHANISTIC	0	0	-
data/traits/morphology/non_motile.yaml	METPO:1000703	non motile	non_motile_absent_motility_apparatus	NONMECHANISTIC	2	0	2	2	2	0	0	NONMECHANISTIC	0	0	-
data/traits/morphology/non_spore_forming.yaml	METPO:1000872	non-spore forming	non_spore_forming_absent_spo0a_cascade	NONMECHANISTIC	1	0	1	2	2	0	0	NONMECHANISTIC	0	0	-
data/traits/morphology/orange_pigmented.yaml	METPO:1003026	orange pigmented	orange_pigmented_carotenoid_accumulation	NONMECHANISTIC	4	1	3	2	2	0	0	NONMECHANISTIC	0	0	-
data/traits/morphology/oval_shaped.yaml	METPO:1000678	oval shaped	oval_shaped_ovococcal_pg_synthesis	MECHANISTIC	4	2	2	1	1	1	1	PASS	0	0	-
data/traits/morphology/ovoid_shaped.yaml	METPO:1000677	ovoid shaped	ovoid_shaped_midcell_pg_assembly	MECHANISTIC	4	2	2	1	1	1	1	PASS	0	0	-
data/traits/morphology/peritrichous.yaml	traitmech:000060	peritrichous	peritrichous_surface_distributed_flagella	NONMECHANISTIC	0	0	0	1	1	0	0	NONMECHANISTIC	0	0	-
data/traits/morphology/pigmentation.yaml	METPO:1003021	pigmentation	pigmentation_biosynthetic_colorants	NONMECHANISTIC	3	0	3	1	1	0	0	NONMECHANISTIC	0	0	-
data/traits/morphology/pink_pigmented.yaml	METPO:1003027	pink pigmented	pink_pigmented_carotenoid_color	NONMECHANISTIC	3	0	3	2	2	0	0	NONMECHANISTIC	0	0	-
data/traits/morphology/pleomorphic_shaped.yaml	METPO:1000679	pleomorphic shaped	pleomorphic_shaped_relaxed_shape_control	NONMECHANISTIC	1	0	1	1	1	0	0	NONMECHANISTIC	0	0	-
data/traits/morphology/polyhydroxyalkanoate_granule.yaml	traitmech:000067	polyhydroxyalkanoate granule	pha_granule_carbon_energy_storage	MECHANISTIC	4	0	4	2	2	1	1	PASS	0	0	-
data/traits/morphology/polyphosphate_granule.yaml	traitmech:000068	polyphosphate granule	polyphosphate_granule_storage	MECHANISTIC	2	2	0	2	2	1	1	PASS	0	0	-
data/traits/morphology/prosthecate.yaml	traitmech:000065	prosthecate	prosthecate_stalk_nutrient_uptake	NONMECHANISTIC	4	1	3	1	1	0	0	NONMECHANISTIC	0	0	-
data/traits/morphology/red_pigmented.yaml	METPO:1003028	red pigmented	red_pigmented_prodiginine_pathway	NONMECHANISTIC	3	0	3	1	1	0	0	NONMECHANISTIC	0	0	-
data/traits/morphology/ring_shaped.yaml	METPO:1000680	ring shaped	ring_shaped_curved_growth_closure	NONMECHANISTIC	5	0	5	1	1	0	0	NONMECHANISTIC	0	0	-
data/traits/morphology/rod_shaped.yaml	METPO:1000681	rod shaped	rod_shaped_mreB_peptidoglycan	NONMECHANISTIC	5	1	4	1	1	0	0	NONMECHANISTIC	0	0	-
data/traits/morphology/s_layer.yaml	traitmech:000064	S-layer	s_layer_2d_protein_array	NONMECHANISTIC	1	0	1	1	1	0	0	NONMECHANISTIC	0	0	-
data/traits/morphology/sarcina_arrangement.yaml	traitmech:000120	sarcina arrangement	sarcina_three_plane_division_packet	NONMECHANISTIC	4	2	2	1	1	0	0	NONMECHANISTIC	0	0	-
data/traits/morphology/sphere_shaped.yaml	METPO:1000683	sphere shaped	sphere_shaped_septal_peptidoglycan	NONMECHANISTIC	4	0	4	2	2	0	0	NONMECHANISTIC	0	0	-
data/traits/morphology/spindle_shaped.yaml	METPO:1000692	spindle shaped	spindle_shaped_symmetric_taper	NONMECHANISTIC	0	0	0	1	1	0	0	NONMECHANISTIC	0	0	-
data/traits/morphology/spiral_shaped.yaml	METPO:1000684	spiral shaped	spiral_shaped_curvature_mechanisms	NONMECHANISTIC	1	0	1	1	1	0	0	NONMECHANISTIC	0	0	-
data/traits/morphology/spirochete_shaped.yaml	METPO:1000693	spirochete shaped	spirochete_shaped_periplasmic_flagella	NONMECHANISTIC	3	1	2	1	1	0	0	NONMECHANISTIC	0	0	-
data/traits/morphology/spore_forming.yaml	METPO:1000871	spore forming	spore_forming_endospore_assembly	MECHANISTIC	5	1	4	2	2	1	1	PASS	0	0	-
data/traits/morphology/spore_shaped.yaml	METPO:1000682	spore shaped	spore_shaped_endospore_layers	MECHANISTIC	5	3	2	1	1	1	1	PASS	0	0	-
data/traits/morphology/sporulation.yaml	METPO:1000870	sporulation	sporulation_spo0a_sigma_morphogenesis	MECHANISTIC	7	0	7	3	3	1	1	PASS	0	0	-
data/traits/morphology/square_shaped.yaml	METPO:1000694	square shaped	square_shaped_planar_anisotropic_growth	NONMECHANISTIC	1	0	1	1	1	0	0	NONMECHANISTIC	0	0	-
data/traits/morphology/staphylococcus_arrangement.yaml	traitmech:000118	staphylococcus arrangement	staphylococcus_irregular_division_cluster	NONMECHANISTIC	3	1	2	1	1	0	0	NONMECHANISTIC	0	0	-
data/traits/morphology/star_shaped.yaml	METPO:1000685	star shaped	star_shaped_multiple_prosthecae	NONMECHANISTIC	3	0	3	1	1	0	0	NONMECHANISTIC	0	0	-
data/traits/morphology/streptococcus_arrangement.yaml	traitmech:000117	streptococcus arrangement	streptococcus_parallel_division_chain	NONMECHANISTIC	3	0	3	1	1	0	0	NONMECHANISTIC	0	0	-
data/traits/morphology/sulfur_globule.yaml	traitmech:000069	sulfur globule	sulfur_globule_sulfur_oxidation_intermediate	NONMECHANISTIC	2	1	1	1	1	0	0	NONMECHANISTIC	0	0	-
data/traits/morphology/swarming_motility.yaml	traitmech:000062	swarming motility	swarming_hyperflagellation_surfactant	NONMECHANISTIC	0	0	0	1	1	0	0	NONMECHANISTIC	0	0	-
data/traits/morphology/tailed_shaped.yaml	METPO:1000695	tailed shaped	tailed_shaped_polar_stalk_growth	MECHANISTIC	4	2	2	1	1	1	1	PASS	0	0	-
data/traits/morphology/tetrad_arrangement.yaml	traitmech:000119	tetrad arrangement	tetrad_two_plane_division	NONMECHANISTIC	2	0	2	2	2	0	0	NONMECHANISTIC	0	0	-
data/traits/morphology/triangular_shaped.yaml	METPO:1000696	triangular shaped	triangular_shaped_planar_polygonal_growth	NONMECHANISTIC	0	0	0	1	1	0	0	NONMECHANISTIC	0	0	-
data/traits/morphology/twitching_motility.yaml	traitmech:000061	twitching motility	twitching_type_iv_pilus_retraction	MECHANISTIC	3	0	3	2	2	1	1	PASS	0	0	-
data/traits/morphology/vibrio_shaped.yaml	METPO:1000686	vibrio shaped	vibrio_shaped_crvA_curvature	NONMECHANISTIC	3	0	3	1	1	0	0	NONMECHANISTIC	0	0	-
data/traits/morphology/white_pigmented.yaml	METPO:1003029	white pigmented	white_pigmented_low_chromophore	NONMECHANISTIC	3	0	3	1	1	0	0	NONMECHANISTIC	0	0	-
data/traits/morphology/yellow_pigmented.yaml	METPO:1003030	yellow pigmented	yellow_pigmented_carotenoid_color	NONMECHANISTIC	4	0	4	1	1	0	0	NONMECHANISTIC	0	0	-
data/traits/physiology/aerobic_anoxygenic_phototrophy.yaml	traitmech:000194	aerobic anoxygenic phototrophy	aerobic_anoxygenic_phototrophy_light_organic_carbon	NONMECHANISTIC	0	0	0	1	1	0	0	NONMECHANISTIC	0	0	-
data/traits/physiology/antibiotic_resistance.yaml	traitmech:000088	antibiotic resistance	antibiotic_resistance_mechanisms	MECHANISTIC	4	1	3	1	1	1	1	PASS	0	0	-
data/traits/physiology/autotrophic.yaml	METPO:1000632	autotrophic	autotrophic_inorganic_carbon_fixation	MECHANISTIC	3	2	1	3	3	1	1	PASS	0	0	-
data/traits/physiology/bioluminescence.yaml	traitmech:000085	bioluminescence	bioluminescence_luciferase	MECHANISTIC	5	2	3	1	1	1	1	PASS	0	0	-
data/traits/physiology/carboxydotrophic.yaml	METPO:1000633	carboxydotrophic	carboxydotrophic_co_oxidation	MECHANISTIC	7	2	5	2	2	1	1	PASS	0	0	-
data/traits/physiology/catalase_activity.yaml	traitmech:000075	catalase activity	catalase_activity_h2o2_detoxification	MECHANISTIC	3	1	2	3	3	1	1	PASS	0	0	-
data/traits/physiology/chemoautolithotrophic.yaml	METPO:1000634	chemoautolithotrophic	chemoautolithotrophic_inorganic_energy_co2_fixation	MECHANISTIC	1	1	0	3	3	1	1	PASS	0	0	-
data/traits/physiology/chemoautotrophic.yaml	METPO:1000635	chemoautotrophic	chemoautotrophic_chemical_energy_co2_fixation	MECHANISTIC	3	2	1	2	2	1	1	PASS	0	0	-
data/traits/physiology/chemoheterotrophic.yaml	METPO:1000636	chemoheterotrophic	chemoheterotrophic_organic_energy_carbon	MECHANISTIC	2	1	1	3	3	1	1	PASS	0	0	-
data/traits/physiology/chemolithoautotrophic.yaml	METPO:1000637	chemolithoautotrophic	chemolithoautotrophic_energy_and_fixation	MECHANISTIC	3	2	1	1	1	1	1	PASS	0	0	-
data/traits/physiology/chemolithoheterotrophic.yaml	METPO:1000638	chemolithoheterotrophic	chemolithoheterotrophic_inorganic_energy_organic_carbon	MECHANISTIC	2	0	2	1	1	1	1	PASS	0	0	-
data/traits/physiology/chemolithotrophic.yaml	METPO:1000639	chemolithotrophic	chemolithotrophic_inorganic_oxidation	MECHANISTIC	2	1	1	3	3	1	1	PASS	0	0	-
data/traits/physiology/chemoorganoheterotrophic.yaml	METPO:1000640	chemoorganoheterotrophic	chemoorganoheterotrophic_organic_energy_carbon	MECHANISTIC	1	1	0	2	2	1	1	PASS	0	0	-
data/traits/physiology/chemoorganotrophic.yaml	METPO:1000663	chemoorganotrophic	chemoorganotrophic_organic_oxidation_energy	MECHANISTIC	1	1	0	3	3	1	1	PASS	0	0	-
data/traits/physiology/chemotaxis.yaml	traitmech:000086	chemotaxis	chemotaxis_gradient_response	MECHANISTIC	7	6	1	2	2	1	1	PASS	0	0	-
data/traits/physiology/chemotrophic.yaml	METPO:1000641	chemotrophic	chemotrophic_chemical_redox_energy	MECHANISTIC	1	1	0	1	1	1	1	PASS	0	0	-
data/traits/physiology/cold_shock_response.yaml	traitmech:000206	cold shock response	cold_shock_response_rna_adaptation	MECHANISTIC	1	0	1	1	1	1	0	PASS	0	0	-
data/traits/physiology/copiotrophic.yaml	METPO:1000642	copiotrophic	copiotrophic_high_nutrient_fast_growth	NONMECHANISTIC	2	0	2	2	2	0	0	NONMECHANISTIC	0	0	-
data/traits/physiology/dormancy.yaml	traitmech:000080	dormancy	dormancy_seed_bank	MECHANISTIC	3	0	3	2	2	1	1	PASS	0	0	-
data/traits/physiology/heat_shock_response.yaml	traitmech:000205	heat shock response	heat_shock_response_proteostasis	MECHANISTIC	2	0	2	2	2	2	0	PASS	0	0	-
data/traits/physiology/heterotrophic.yaml	METPO:1000644	heterotrophic	heterotrophic_organic_carbon_assimilation	MECHANISTIC	1	1	0	3	3	1	1	PASS	0	0	-
data/traits/physiology/homeoviscous_adaptation.yaml	traitmech:000208	homeoviscous adaptation	homeoviscous_adaptation_membrane_fluidity	MECHANISTIC	1	0	1	2	2	2	0	PASS	0	0	-
data/traits/physiology/hydrogenotrophic.yaml	METPO:1000646	hydrogenotrophic	hydrogenotrophic_hydrogen_oxidation_fixation	MECHANISTIC	1	1	0	3	3	1	1	PASS	0	0	-
data/traits/physiology/lithoautotrophic.yaml	METPO:1000647	lithoautotrophic	lithoautotrophic_inorganic_donor_co2_fixation	MECHANISTIC	4	1	3	3	3	1	1	PASS	0	0	-
data/traits/physiology/lithoheterotrophic.yaml	METPO:1000648	lithoheterotrophic	lithoheterotrophic_inorganic_energy_organic_carbon	MECHANISTIC	3	1	2	1	1	1	1	PASS	0	0	-
data/traits/physiology/lithotrophic.yaml	METPO:1000649	lithotrophic	lithotrophic_inorganic_donor_energy	MECHANISTIC	5	2	3	3	3	1	1	PASS	0	0	-
data/traits/physiology/methanotrophic.yaml	METPO:1000650	methanotrophic	methanotrophic_methane_oxidation	MECHANISTIC	4	3	1	2	2	1	1	PASS	0	0	-
data/traits/physiology/methylotrophic.yaml	METPO:1000651	methylotrophic	methylotrophic_methanol_assimilation	MECHANISTIC	8	1	7	2	2	1	1	PASS	0	0	-
data/traits/physiology/mixotrophic.yaml	METPO:1000652	mixotrophic	mixotrophic_dual_carbon_energy_use	MECHANISTIC	1	1	0	2	2	1	1	PASS	0	0	-
data/traits/physiology/natural_competence.yaml	traitmech:000087	natural competence	natural_competence_dna_uptake	MECHANISTIC	5	2	3	2	2	1	1	PASS	0	0	-
data/traits/physiology/nutrient_adaptation.yaml	METPO:1000731	nutrient adaptation	nutrient_adaptation_life_history_axis	NONMECHANISTIC	0	0	0	1	1	0	0	NONMECHANISTIC	0	0	-
data/traits/physiology/oligotrophic.yaml	METPO:1000654	oligotrophic	oligotrophic_low_nutrient_efficiency	NONMECHANISTIC	1	0	1	1	1	0	0	NONMECHANISTIC	0	0	-
data/traits/physiology/organoheterotrophic.yaml	METPO:1000664	organoheterotrophic	organoheterotrophic_organic_donor_carbon	MECHANISTIC	3	3	0	2	2	1	1	PASS	0	0	-
data/traits/physiology/organotrophic.yaml	METPO:1000655	organotrophic	organotrophic_organic_compound_oxidation	MECHANISTIC	2	2	0	3	3	1	1	PASS	0	0	-
data/traits/physiology/oxidase_activity.yaml	traitmech:000076	oxidase activity	oxidase_activity_terminal_oxidase	MECHANISTIC	2	1	1	3	3	1	1	PASS	0	0	-
data/traits/physiology/oxidative_stress_response.yaml	traitmech:000079	oxidative stress response	oxidative_stress_response_ros_defense	MECHANISTIC	2	1	1	2	2	1	1	PASS	0	0	-
data/traits/physiology/persister_cell_formation.yaml	traitmech:000082	persister cell formation	persister_dormancy_tolerance	MECHANISTIC	1	1	0	2	2	1	1	PASS	0	0	-
data/traits/physiology/photoautotrophic.yaml	METPO:1000656	photoautotrophic	photoautotrophic_cyanobacterial_carbon_fixation	MECHANISTIC	3	2	1	2	2	1	1	PASS	0	0	-
data/traits/physiology/photoheterotrophic.yaml	METPO:1000657	photoheterotrophic	photoheterotrophic_light_organic_carbon	MECHANISTIC	2	1	1	2	2	1	1	PASS	0	0	-
data/traits/physiology/photolithoautotrophic.yaml	METPO:1000665	photolithoautotrophic	photolithoautotrophic_light_inorganic_donor_fixation	MECHANISTIC	3	3	0	2	2	1	1	PASS	0	0	-
data/traits/physiology/photolithotrophic.yaml	METPO:1000658	photolithotrophic	photolithotrophic_inorganic_electron_donors	MECHANISTIC	1	0	1	2	2	1	1	PASS	0	0	-
data/traits/physiology/photoorganoheterotrophic.yaml	METPO:1000659	photoorganoheterotrophic	photoorganoheterotrophic_light_organic_electrons	MECHANISTIC	2	0	2	2	2	1	1	PASS	0	0	-
data/traits/physiology/phototrophic.yaml	METPO:1000660	phototrophic	phototrophic_light_energy_capture	MECHANISTIC	3	2	1	2	2	1	1	PASS	0	0	-
data/traits/physiology/quorum_sensing.yaml	traitmech:000084	quorum sensing	quorum_sensing_autoinducer	MECHANISTIC	3	3	0	1	1	2	1	PASS	0	0	-
data/traits/physiology/sos_response.yaml	traitmech:000207	SOS response	sos_response_dna_damage_regulon	MECHANISTIC	2	1	1	1	1	2	0	PASS	0	0	-
data/traits/physiology/spore_germination.yaml	traitmech:000083	spore germination	spore_germination_germinant_trigger		0	0	0	1	1	0	0	PROTECTED	0	3	SCOPE_NOT_REVIEWED|NO_PROTEIN_NODE|NO_PROTEIN_EXAMPLE
data/traits/physiology/stress_response.yaml	traitmech:000078	stress response	stress_response_induction	MECHANISTIC	3	2	1	3	3	1	1	PASS	0	0	-
data/traits/physiology/trophic_type.yaml	METPO:1000631	trophic type	trophic_type_classification_axes	NONMECHANISTIC	0	0	0	2	2	0	0	NONMECHANISTIC	0	0	-
data/traits/physiology/urease_activity.yaml	traitmech:000077	urease activity	urease_activity_urea_hydrolysis	MECHANISTIC	1	0	1	1	1	3	3	PASS	0	0	-
data/traits/physiology/viable_but_nonculturable_state.yaml	traitmech:000081	viable but nonculturable state	vbnc_stress_induced_dormancy	MECHANISTIC	1	1	0	2	2	1	1	PASS	0	0	-
data/traits/upper/biological_process.yaml	METPO:1000630	biological process	biological_process_go_upper_context	NONMECHANISTIC	0	0	0	0	0	0	0	NONMECHANISTIC	0	0	-
data/traits/upper/material_entity.yaml	METPO:1000186	material entity	material_entity_bfo_upper_context	NONMECHANISTIC	0	0	0	0	0	0	0	NONMECHANISTIC	0	0	-
data/traits/upper/observation.yaml	METPO:1001000	observation	observation_measurement_upper_context	NONMECHANISTIC	0	0	0	0	0	0	0	NONMECHANISTIC	0	0	-
data/traits/upper/phenotype.yaml	METPO:1000059	phenotype	phenotype_quality_child_context	NONMECHANISTIC	0	0	0	0	0	0	0	NONMECHANISTIC	0	0	-
data/traits/upper/quality.yaml	METPO:1000188	quality	quality_upper_child_context	NONMECHANISTIC	0	0	0	0	0	0	0	NONMECHANISTIC	0	0	-
