# generated by scripts/audit_research_groundings.py from 354 reports; 1733 pairs checked; 467 distinct findings
verdict	curie	claimed_label	ontology_label	replacement_curie	similarity	occurrences
MERGED	CHEBI:14341	ectoine	dihydroxyacetone phosphate	CHEBI:16108	0.00	1
MERGED	CHEBI:18498	sulfate respiration	(-)-trans-isopiperitenol	CHEBI:15406	0.00	1
MERGED	CHEBI:18498	sulfite	(-)-trans-isopiperitenol	CHEBI:15406	0.00	1
MERGED	CHEBI:25385	moenomycin	monodehydro-L-ascorbic acid	CHEBI:16504	0.00	1
MERGED	CHEBI:32974	p-coumaric acid	3-hydroxypropyl dihydrogen phosphate	CHEBI:44981	0.00	1
MERGED	CHEBI:42899	ectoine	L-glutamine	CHEBI:18050	0.00	1
MERGED	CHEBI:65033	3-oxo-c12-hsl	6,8-dimethyl-6,7-didehydroergolin-6-ium	CHEBI:65034	0.00	1
MERGED	CHEBI:7744	wall teichoic acid (wta)		CHEBI:16657	0.00	1
MERGED	CHEBI:9569	thiosulfate oxidation by hydrogenovibrio strain 104	thiosulfate(2-)	CHEBI:16094	0.00	1
MERGED	GO:0001130	flia (sigma-28, σ28)	DNA-binding transcription factor activity	GO:0003700	0.00	1
MERGED	GO:0004884	methyl-accepting chemotaxis protein / chemoreceptor	nuclear receptor activity	GO:0004879	0.00	1
MERGED	GO:0006818	hydrogen-ion transport	proton transmembrane transport	GO:1902600	0.00	1
MERGED	GO:0008178	ammonia (nh3)	apoptotic DNA fragmentation	GO:0006309	0.00	1
MERGED	GO:0009878	nodule organogenesis	nodulation	GO:0009877	0.00	1
MERGED	GO:0009878	root nodule	nodulation	GO:0009877	0.00	1
MERGED	GO:0015992	aerobic respiratory electron transfer	proton transmembrane transport	GO:1902600	0.00	1
MERGED	GO:0015992	canonical chemiosmosis	proton transmembrane transport	GO:1902600	0.00	1
MERGED	GO:0015992	gene/gene cluster	proton transmembrane transport	GO:1902600	0.00	1
MERGED	GO:0015992	hydrogen oxidation	proton transmembrane transport	GO:1902600	0.00	1
MERGED	GO:0015992	molecular function	proton transmembrane transport	GO:1902600	0.00	1
MERGED	GO:0015992	proton motive force	proton transmembrane transport	GO:1902600	0.00	2
MERGED	GO:0015992	proton transport	proton transmembrane transport	GO:1902600	0.00	1
MERGED	GO:0043241	ribosomestalling	protein-containing complex disassembly	GO:0032984	0.00	1
UNRESOLVED	CHEBI:16589	metabolite			0.00	1
UNRESOLVED	CHEBI:16902	lipid ii			0.00	2
UNRESOLVED	CHEBI:26896	reduced sulfur compounds			0.00	1
OBSOLETE	ENVO:00002009	acidic environment (envo:00002009)	obsolete terrestrial habitat		0.00	1
OBSOLETE	ENVO:00002009	ph homeostasis	obsolete terrestrial habitat		0.00	1
OBSOLETE	ENVO:00002009	strict anaerobic environment / oxygen sensitivity	obsolete terrestrial habitat		0.00	1
OBSOLETE	ENVO:00002036	habitattype	obsolete habitat		0.00	1
OBSOLETE	GO:0000276	f-type h⁺-transporting atp synthase	obsolete mitochondrial proton-transporting ATP synthase complex, coupling factor F(o)		0.00	1
OBSOLETE	GO:0000746	plasmid conjugation efficiency	obsolete conjugation		0.00	1
OBSOLETE	GO:0005574	genomic dna	obsolete DNA		0.00	1
OBSOLETE	GO:0005623	genome	obsolete cell		0.00	1
OBSOLETE	GO:0005623	host cell	obsolete cell		0.00	1
OBSOLETE	GO:0005750	cytochrome bc complex	obsolete mitochondrial respiratory chain complex III		0.00	1
OBSOLETE	GO:0005750	cytochrome bc₁ complex	obsolete mitochondrial respiratory chain complex III		0.00	1
OBSOLETE	GO:0005751	cytochrome-c oxidase / complex iv	obsolete mitochondrial respiratory chain complex IV		0.00	1
OBSOLETE	GO:0006266	dna ligation	obsolete DNA ligation		0.00	1
OBSOLETE	GO:0006542	gs/gogat pathway	obsolete glutamine biosynthetic process		0.00	1
OBSOLETE	GO:0006757	substrate-level phosphorylation	obsolete ATP generation from ADP		0.00	1
OBSOLETE	GO:0006807	nitrogen-compound metabolic process	obsolete nitrogen compound metabolic process		0.00	1
OBSOLETE	GO:0009405	pathogenesis	obsolete pathogenesis		0.00	3
OBSOLETE	GO:0009405	virulence factor	obsolete pathogenesis		0.00	1
OBSOLETE	GO:0009766	fmo protein	obsolete primary charge separation		0.00	1
OBSOLETE	GO:0015002	cytochrome bd ubiquinol oxidase activity	obsolete heme-copper terminal oxidase activity		0.00	1
OBSOLETE	GO:0018279	n-glycosylation	obsolete protein N-linked glycosylation via asparagine		0.00	1
OBSOLETE	GO:0018298	light absorption / retinal photoisomerization	obsolete protein-chromophore linkage		0.00	1
OBSOLETE	GO:0022610	adhesion	obsolete biological adhesion		0.00	1
OBSOLETE	GO:0033692	polysaccharide polymerization	obsolete cellular polysaccharide biosynthetic process		0.00	1
OBSOLETE	GO:0044000	horizontal gene transfer	obsolete movement in host		0.00	1
OBSOLETE	GO:0044000	qualified	obsolete movement in host		0.00	1
OBSOLETE	GO:0045281	succinate dehydrogenase, sdhcdab	obsolete succinate dehydrogenase complex		0.00	1
OBSOLETE	GO:0046177	cellulosome	obsolete D-gluconate catabolic process		0.00	1
OBSOLETE	GO:0055114	glutaredoxin (grxa)	obsolete oxidation-reduction process		0.00	1
OBSOLETE	GO:0055114	oxidation–reduction process	obsolete oxidation-reduction process		0.00	2
OBSOLETE	GO:0061077	molecular chaperones / rna chaperones	obsolete chaperone-mediated protein folding		0.00	1
OBSOLETE	GO:0090501	toxin-antitoxin system	obsolete RNA phosphodiester bond hydrolysis		0.00	1
OBSOLETE	GO:0090501	toxin-antitoxin systems	obsolete RNA phosphodiester bond hydrolysis		0.00	1
OBSOLETE	GO:0090501	toxin-antitoxin systems (go:0090501)	obsolete RNA phosphodiester bond hydrolysis		0.00	1
OBSOLETE	GO:0097502	lipid-linked oligosaccharide flipping	obsolete mannosylation		0.00	1
OBSOLETE	GO:1990124	rnadegradosome	obsolete messenger ribonucleoprotein complex		0.00	1
DRIFT	ENVO:01001242	high light	canopy		0.00	1
DRIFT	ENVO:09200013	3	wetness of soil		0.00	1
DRIFT	GO:0016721	14	oxidoreductase activity, acting on superoxide radicals as acceptor		0.00	1
DRIFT	GO:0051539	3	4 iron, 4 sulfur cluster binding		0.00	1
DRIFT	GO:0009401	ccr	phosphoenolpyruvate-dependent sugar phosphotransferase system		0.03	1
DRIFT	CHEBI:58711	kdo	4-azaniumyl-4-deoxy-alpha-L-arabinopyranosyl undecaprenyl phosphate		0.07	1
DRIFT	GO:0008360	peptidoglycan metabolic process	regulation of cell shape		0.08	1
DRIFT	GO:0009522	reduced psaab expression / low psi abundance	photosystem I		0.08	1
DRIFT	ENVO:01000017	environmental factor	sand		0.09	1
DRIFT	CHEBI:64945	muramic acid-δ-lactam	sn-glycero-3-phosphoserine		0.10	1
DRIFT	CHEBI:62174	substrate	alpha-D-ManpNAc-(1-P-6)-alpha-D-ManpNAc-(1-P-6)-alpha-D-ManpNAc		0.11	1
DRIFT	GO:0009523	light	photosystem II		0.11	1
DRIFT	CHEBI:57905	dmsp	dehydroepiandrosterone sulfate(1-)		0.12	1
DRIFT	ENVO:00002006	prosthecae	liquid water		0.13	1
DRIFT	GO:0015990	quinol	electron transport coupled proton transport		0.13	2
DRIFT	GO:0090543	transcription–replication conflict	Flemming body		0.14	1
DRIFT	PATO:0001422	growthrate	dead		0.14	1
DRIFT	ENVO:01001852	light	energy transfer process		0.15	1
DRIFT	GO:0006281	biological process	DNA repair		0.15	1
DRIFT	GO:0009252	spmx	peptidoglycan biosynthetic process		0.15	1
DRIFT	CHEBI:35186	application/function	terpene		0.16	1
DRIFT	CHEBI:62041	mycothiol (msh)	P(1),P(5)-bis(5'-adenosyl) pentaphosphate(5-)		0.16	1
DRIFT	CHEBI:16134	sulfide	ammonia		0.17	1
DRIFT	CHEBI:43729	ectoine	6-[(Z)-2-(2,5-dimethoxyphenyl)ethenyl]-5-methylpyrido[2,3-d]pyrimidine-2,4-diamine		0.17	1
DRIFT	CHEBI:138068	bacillithiol (bsh)	ribonucleoside 5'-diphosphate-alpha-D-glucose(2-)		0.18	1
DRIFT	CHEBI:57945	ec:1.1.1.27 l-lactate dehydrogenase	NADH(2-)		0.18	1
DRIFT	GO:0000156	cpxa–cpxr	phosphorelay response regulator activity		0.18	1
DRIFT	GO:0005727	plasmid	extrachromosomal circular DNA		0.18	1
DRIFT	GO:0016705	fenton reaction	oxidoreductase activity, acting on paired donors, with incorporation or reduction of molecular oxygen		0.18	1
DRIFT	CHEBI:15378	respiratory proton pumps / atpase activity	hydron		0.19	1
DRIFT	CHEBI:33116	substrate	iodine(1+)		0.19	1
DRIFT	CHEBI:35186	chemical class	terpene		0.19	1
DRIFT	CHEBI:39084	ectoine	linkable gefitinib analogue		0.19	1
DRIFT	CHEBI:6697	mecillinam	Mascaroside		0.19	1
DRIFT	GO:0016717	fatty-acid desaturase	oxidoreductase activity, acting on paired donors, with oxidation of a pair of donors resulting in the reduction of molecular oxygen to two molecules of water		0.19	1
DRIFT	CHEBI:15378	inside-positive membrane potential	hydron		0.20	2
DRIFT	CHEBI:57540	ec:1.1.1.27 l-lactate dehydrogenase	NAD(1-)		0.20	1
DRIFT	CHEBI:57540	ec:1.1.1.28 d-lactate dehydrogenase	NAD(1-)		0.20	1
DRIFT	CHEBI:57540	proton motive force	NAD(1-)		0.20	1
DRIFT	CHEBI:62202	pyocyanin	glucosyl-heptosyl-(phosphoheptosyl)2-(KDO)2-lipid A		0.20	1
DRIFT	GO:0005737	go:0046961 proton-transporting atpase activity	cytoplasm		0.20	1
DRIFT	GO:0006885	nhaa/nhab/clca-like antiporters	regulation of pH		0.20	1
DRIFT	GO:0010598	cyclic electron transport	NAD(P)H dehydrogenase complex (plastoquinone)		0.20	2
DRIFT	GO:0042129	root nodule	regulation of T cell proliferation		0.20	1
DRIFT	CHEBI:17517	chemical/metabolite	phosphatidylglycerol		0.21	1
DRIFT	ENVO:00002011	envo:00002011 high temperature environment	fresh water		0.21	1
DRIFT	ENVO:01000179	anoxic environment	desert biome		0.21	1
DRIFT	ENVO:01000796	high-pressure co₂	mass plasma flow		0.21	1
DRIFT	GO:0006979	oxyr	response to oxidative stress		0.21	1
DRIFT	GO:0009401	regulatory	phosphoenolpyruvate-dependent sugar phosphotransferase system		0.21	1
DRIFT	GO:0009409	membrane adaptation + enzyme cold activity + cryoprotectants + chaperones + ros defenses	response to cold		0.21	1
DRIFT	GO:0015977	mtrcab-mediated extracellular electron uptake plus rhodopsin proton pumping	carbon fixation		0.21	1
DRIFT	GO:0019253	atp + nadph	reductive pentose-phosphate cycle		0.21	1
DRIFT	CHEBI:15378	external ph 4–6	hydron		0.22	1
DRIFT	CHEBI:50366	assay boundaries / non-defining proxies	6-methylprednisolone		0.22	1
DRIFT	CHEBI:67078	autoinducer-2 (chebi:67078)	Delta(9)-tetrahydrocannabinolic acid		0.22	1
DRIFT	CHEBI:71190	(p)ppgpp (alarmone)	4-methoxy-4-oxo-3-phenylbutanoate		0.22	1
DRIFT	CHEBI:91398	salmochelin	LSM-1131		0.22	1
DRIFT	ENVO:01001026	hypoxia	electromagnetic radiation		0.22	1
DRIFT	GO:0009288	flic	bacterial-type flagellum		0.22	1
DRIFT	CHEBI:134179	pqs (pseudomonas quinolone signal)	volatile organic compound		0.23	1
DRIFT	CHEBI:15378	acidic environment (envo:00002009)	hydron		0.23	1
DRIFT	CHEBI:15378	hopanoid biosynthesis	hydron		0.23	1
DRIFT	ENVO:01001854	white light exposure	hydrothermal field		0.23	1
DRIFT	GO:0006084	substrate-level phosphorylation during acetate formation	acetyl-CoA metabolic process		0.23	1
DRIFT	GO:0006265	reverse gyrase (label-only; gene/protein)	DNA topological change		0.23	1
DRIFT	GO:0009379	relaxase / trai	Holliday junction helicase complex		0.23	1
DRIFT	GO:0030254	plant-derived organic acids and amino acids	protein secretion by the type III secretion system		0.23	1
DRIFT	CHEBI:17573	dpa / dipicolinic acid	glycyrrhetinate		0.24	1
DRIFT	ENVO:01001039	anoxic environment	highly saline water		0.24	1
DRIFT	ENVO:3100031	osmotic stress	depth of water		0.24	1
DRIFT	GO:0000331	swarming motility	contractile vacuole		0.24	1
DRIFT	GO:0006281	mutation	DNA repair		0.24	1
DRIFT	GO:0015031	sec pathway	protein transport		0.24	1
DRIFT	PATO:0001954	gccontent	subulate		0.24	1
DRIFT	CHEBI:33229	organic compound	vitamin (role)		0.25	1
DRIFT	CHEBI:37554	nadh / fadh2 / nadph	fatty acyl-CoA		0.25	1
DRIFT	CHEBI:52722	peptidoglycan	lactacystin		0.25	1
DRIFT	CHEBI:64722	lipid ii	L-glutaminiumyl group		0.25	1
DRIFT	ENVO:01000220	environmental factor	tropical woodland biome		0.25	1
DRIFT	GO:0009255	repeat-unit assembly	Entner-Doudoroff pathway through 6-phosphogluconate		0.25	1
DRIFT	GO:0019290	isc system	siderophore biosynthetic process		0.25	1
DRIFT	GO:0046813	cell wall anchoring	receptor-mediated virion attachment to host cell		0.25	1
DRIFT	GO:0048038	rnf complex	quinone binding		0.25	1
DRIFT	GO:0065007	environmental filtering	biological regulation		0.25	1
DRIFT	CHEBI:17363	aerobic calvin-cycle chemolithoautotrophs	D-ribulose 5-phosphate		0.26	1
DRIFT	CHEBI:26214	photosystem ii	porphyrins		0.26	1
DRIFT	CHEBI:29375	surfactin	diprotium oxide		0.26	1
DRIFT	CHEBI:67078	autoinducer-2 (ai-2)	Delta(9)-tetrahydrocannabinolic acid		0.26	1
DRIFT	CHEBI:78425	c4-hsl (n-butyryl-l-homoserine lactone)	albiglutide		0.26	1
DRIFT	GO:0006281	mutationalbias	DNA repair		0.26	1
DRIFT	GO:0009860	infection thread	pollen tube growth		0.26	1
DRIFT	GO:0042710	horizontal gene transfer	biofilm formation		0.26	1
DRIFT	GO:0043934	self-assembly	sporulation		0.26	1
DRIFT	GO:0070841	protein aggregation	inclusion body assembly		0.26	1
DRIFT	GO:1901700	cellular process	response to oxygen-containing compound		0.26	1
DRIFT	CHEBI:15378	amino-acid decarboxylation	hydron		0.27	1
DRIFT	CHEBI:15379	o₂ (chebi:15379)	dioxygen		0.27	1
DRIFT	CHEBI:15440	d-xylose	squalene		0.27	1
DRIFT	CHEBI:18009	menaquinone	NADP(+)		0.27	1
DRIFT	ENVO:00000446	microaerobic condition	terrestrial biome		0.27	1
DRIFT	ENVO:00002040	anaerobic condition	wood		0.27	1
DRIFT	GO:0009523	high light	photosystem II		0.27	1
DRIFT	GO:0009847	outgrowth	spore germination		0.27	1
DRIFT	GO:0031469	carboxysome proteins	bacterial microcompartment		0.27	1
DRIFT	GO:0099048	gene/gene cluster	CRISPR-cas system		0.27	1
DRIFT	CHEBI:24402	lipoteichoic acid (lta)	glycosphingolipid		0.28	1
DRIFT	CHEBI:27714	product / intermediate	6-acetyl-2-amino-3,7,8,9-tetrahydropyrimido[4,5-b][1,4]diazepin-4-one		0.28	1
DRIFT	GO:0009409	low temperature / cold environment	response to cold		0.28	1
DRIFT	GO:0019236	geneticdrift	response to pheromone		0.28	1
DRIFT	GO:0019290	suf system	siderophore biosynthetic process		0.28	1
DRIFT	GO:0030089	photosynthetic reaction center l/m complex	phycobilisome		0.28	1
DRIFT	CHEBI:17950	c-di-gmp (cyclic di-gmp)	beta-D-galactosyl-(1->4)-beta-D-glucosyl-(1<->1)-N-acylsphingosine		0.29	1
DRIFT	CHEBI:18336	xylan	4-(phosphonooxy)-L-threonine		0.29	1
DRIFT	CHEBI:29105	elevated extracellular zn²⁺ exposure	zinc(2+)		0.29	1
DRIFT	CHEBI:50366	resazurin	6-methylprednisolone		0.29	1
DRIFT	CHEBI:57540	ethanol branch (adh step)	NAD(1-)		0.29	1
DRIFT	CHEBI:60144	photosystem ii	poly(2-methyl-2-oxazoline) polymer		0.29	1
DRIFT	CHEBI:63748	rhamnolipids	N-[4-(4-nitrobenzylphosphono)butanoyl]glycine		0.29	1
DRIFT	ENVO:01001023	light	radiation		0.29	1
DRIFT	GO:0000902	lateral elongation	cell morphogenesis		0.29	1
DRIFT	GO:0000902	mreb	cell morphogenesis		0.29	1
DRIFT	GO:0000940	z-ring	outer kinetochore		0.29	1
DRIFT	GO:0015986	energy conversion	proton motive force-driven ATP synthesis		0.29	1
DRIFT	GO:0044038	horizontal gene transfer	cell wall macromolecule biosynthetic process		0.29	1
DRIFT	CHEBI:15378	water oxidation	hydron		0.30	1
DRIFT	CHEBI:16134	elemental mercury, hg(0)	ammonia		0.30	1
DRIFT	CHEBI:28671	n,n′-diacetylchitobiose	cuminaldehyde		0.30	1
DRIFT	CHEBI:59999	chemoorganotrophy (metpo:1000663)	chemical substance		0.30	1
DRIFT	CHEBI:60279	chebi:60279 di-myo-inositol phosphate	5-[3-bromo-4-(dimethylamino)phenyl]-2,2-dimethyl-2,3,5,6-tetrahydrobenzo[a]phenanthridin-4(1H)-one		0.30	2
DRIFT	CHEBI:63533	maltotriose	gonadotropin releasing hormone agonist		0.30	1
DRIFT	CHEBI:64722	lipid ii (full name)	L-glutaminiumyl group		0.30	1
DRIFT	CHEBI:67511	bedaquiline	19(E)-9,18-Didemethoxygardneramine		0.30	1
DRIFT	GO:0005375	copa/cupa p1b1-type atpase	copper ion transmembrane transporter activity		0.30	1
DRIFT	GO:0009252	bactofilin deletion	peptidoglycan biosynthetic process		0.30	1
DRIFT	GO:0019253	hydrogenovibrio strain 104	reductive pentose-phosphate cycle		0.30	1
DRIFT	ENVO:01000207	elevated environmental temperature	mediterranean		0.31	1
DRIFT	ENVO:01001307	nutrient starvation	partially_surrounded_by		0.31	1
DRIFT	GO:0000160	two-component regulatory system	phosphorelay signal transduction system		0.31	1
DRIFT	GO:0015990	cytochrome b6f complex	electron transport coupled proton transport		0.31	1
DRIFT	GO:0019363	respiratory flexibility / switching	pyridine nucleotide biosynthetic process		0.31	1
DRIFT	GO:0019646	3-hydroxypropionate/4-hydroxybutyrate cycle genes	aerobic electron transport chain		0.31	1
DRIFT	GO:0042777	energy conversion	proton motive force-driven plasma membrane ATP synthesis		0.31	1
DRIFT	GO:0045861	camp-dependent catabolite repression	negative regulation of proteolysis		0.31	1
DRIFT	GO:0055080	cellular process	monoatomic cation homeostasis		0.31	1
DRIFT	GO:1902600	rnf (ferredoxin:nad+ oxidoreductase)	proton transmembrane transport		0.31	1
DRIFT	CHEBI:16960	sodium pyruvate (chebi:16960)	ADP-D-ribose		0.32	1
DRIFT	CHEBI:25414	chemical/metabolite	monoatomic monocation		0.32	1
DRIFT	CHEBI:64342	product / intermediate	3-hydroxypicolinic acid		0.32	1
DRIFT	GO:0009593	surface sensing / mechanosensing	detection of chemical stimulus		0.32	1
DRIFT	GO:0015990	proton motive force	electron transport coupled proton transport		0.32	1
DRIFT	GO:0016469	f-type atp synthase	proton-transporting two-sector ATPase complex		0.32	1
DRIFT	GO:0031640	host-cell killing	killing of cells of another organism		0.32	1
DRIFT	GO:0042777	substrate-level phosphorylation	proton motive force-driven plasma membrane ATP synthesis		0.32	1
DRIFT	CHEBI:15378	syntrophy (metpo:1002006)	hydron		0.33	1
DRIFT	CHEBI:15978	chemical/metabolite	sn-glycerol 3-phosphate		0.33	1
DRIFT	CHEBI:16680	tetrahymanol	S-adenosyl-L-homocysteine		0.33	1
DRIFT	CHEBI:18009	extracellular electron transfer	NADP(+)		0.33	1
DRIFT	CHEBI:33019	environment	diphosphate(3-)		0.33	1
DRIFT	CHEBI:35186	pathway edge	terpene		0.33	1
DRIFT	CHEBI:63036	struvite	potassium dihydrogen phosphate		0.33	1
DRIFT	GO:0004556	molecular function	alpha-amylase activity		0.33	1
DRIFT	GO:0009252	rod complex and seds/pbp	peptidoglycan biosynthetic process		0.33	1
DRIFT	GO:0009651	core rehydration	response to salt stress		0.33	1
DRIFT	GO:0015988	proton-motive force generation	energy coupled proton transmembrane transport, against electrochemical gradient		0.33	1
DRIFT	GO:0015990	uncoupler	electron transport coupled proton transport		0.33	1
DRIFT	GO:0044027	horizontal gene transfer	negative regulation of gene expression via chromosomal CpG island methylation		0.33	1
DRIFT	GO:0046933	proton motive force	proton-transporting ATP synthase activity, rotational mechanism		0.33	1
DRIFT	GO:0055086	calcium oscillation	nucleobase-containing small molecule metabolic process		0.33	1
DRIFT	GO:0090150	cotranslationalproteinfolding	establishment of protein localization to membrane		0.33	1
DRIFT	CHEBI:64708	flavin-based electron bifurcation	one-carbon compound		0.34	1
DRIFT	ENVO:01000205	ambient/growth temperature	subtropical		0.34	1
DRIFT	GO:0004768	molecular function	stearoyl-CoA 9-desaturase activity		0.34	1
DRIFT	GO:0015988	chemiosmotic energy conservation	energy coupled proton transmembrane transport, against electrochemical gradient		0.34	1
DRIFT	GO:0036247	riboswitch-mediated regulation	phytochelatin 3 import into vacuole		0.34	1
DRIFT	CHEBI:16240	pyruvate	hydrogen peroxide		0.35	1
DRIFT	CHEBI:26220	exopolysaccharide (eps)	precocenes		0.35	1
DRIFT	CHEBI:57540	proton gradient	NAD(1-)		0.35	1
DRIFT	CHEBI:58199	metabolite	L-homocysteine zwitterion		0.35	1
DRIFT	CHEBI:63863	chemical/metabolite	3'-N-debenzoyltaxol(1+)		0.35	1
DRIFT	GO:0006825	copa/cupa p1b1-type atpase	copper ion transport		0.35	1
DRIFT	GO:0006979	decreased intracellular hydrogen peroxide	response to oxidative stress		0.35	1
DRIFT	GO:0042579	bacterial microcompartment	microbody		0.35	1
DRIFT	CHEBI:18012	anaerobic soluble acceptors	fumaric acid		0.36	1
DRIFT	CHEBI:57540	fermentation pathways	NAD(1-)		0.36	1
DRIFT	CHEBI:60144	plastoquinol (pqh2)	poly(2-methyl-2-oxazoline) polymer		0.36	1
DRIFT	ENVO:01000020	environmental factor	estuarine biome		0.36	1
DRIFT	ENVO:01001322	thermal stress (heat/cold)	estuarine open water lower water column		0.36	1
DRIFT	GO:0003954	molecular function	NADH dehydrogenase activity		0.36	1
DRIFT	CHEBI:35186	phenotype comparison	terpene		0.37	1
DRIFT	CHEBI:63533	product / intermediate	gonadotropin releasing hormone agonist		0.37	1
DRIFT	GO:0004645	molecular function	1,4-alpha-oligoglucan phosphorylase activity		0.37	1
DRIFT	GO:0006879	dps/dpr/mrga iron storage protein	intracellular iron ion homeostasis		0.37	1
DRIFT	GO:0015986	photophosphorylation	proton motive force-driven ATP synthesis		0.37	2
DRIFT	CHEBI:50699	n-glycans	oligosaccharide		0.38	1
DRIFT	CHEBI:57540	nad+ regeneration by fermentation	NAD(1-)		0.38	1
DRIFT	CHEBI:61548	product / intermediate	D-glucopyranose 6-phosphate(2-)		0.38	1
DRIFT	GO:0019363	denitrification	pyridine nucleotide biosynthetic process		0.38	1
DRIFT	GO:0050777	phagocytosis resistance	negative regulation of immune response		0.38	1
DRIFT	CHEBI:29985	chemical/metabolite	L-glutamate(1-)		0.39	1
DRIFT	ENVO:01001050	desiccation	saline sediment environment		0.39	1
DRIFT	GO:0006614	signal peptide-dependent export	SRP-dependent cotranslational protein targeting to membrane		0.39	1
DRIFT	GO:0016491	molecular sieve	oxidoreductase activity		0.39	1
DRIFT	CHEBI:16124	taurocholate	alpha-L-fucosyl-(1->2)-beta-D-galactosyl group		0.40	1
DRIFT	CHEBI:16960	sodium pyruvate	ADP-D-ribose		0.40	1
DRIFT	GO:0006418	trnapool	tRNA aminoacylation for protein translation		0.40	1
DRIFT	GO:0009058	imported organic carbon	biosynthetic process		0.40	1
DRIFT	CHEBI:30851	l-arabinose	keto-phenylpyruvic acid		0.41	1
DRIFT	GO:0006950	protection from environmental stress	response to stress		0.41	1
DRIFT	GO:0009252	lateral elongation	peptidoglycan biosynthetic process		0.41	1
DRIFT	CHEBI:10357	ectoine	(-)-beta-caryophyllene		0.42	1
DRIFT	CHEBI:33526	genomic dna	mannonate		0.42	1
DRIFT	GO:0008360	cell shape determination	regulation of cell shape		0.42	3
DRIFT	GO:0015385	na+/h+ antiporters (go:0015385)	sodium:proton antiporter activity		0.42	3
DRIFT	GO:0098542	complement resistance	defense response to other organism		0.42	1
DRIFT	CHEBI:29033	a. ferrooxidans biomining metabolism	iron(2+)		0.43	1
DRIFT	GO:0005737	low cytosolic ph	cytoplasm		0.43	1
DRIFT	GO:0006950	stringent response (go:0006950)	response to stress		0.43	1
DRIFT	GO:0006979	oxidative stress (go:0006979) / reactive oxygen species	response to oxidative stress		0.43	1
DRIFT	GO:0015986	f-type atp synthase	proton motive force-driven ATP synthesis		0.43	1
DRIFT	CHEBI:16651	otsach gene	(S)-lactate		0.44	1
DRIFT	CHEBI:28885	metabolite	butan-1-ol		0.44	1
DRIFT	CHEBI:32395	chemical/metabolite	arachidonate		0.44	1
DRIFT	GO:0006402	codonoptimalitymediatedmrnadecay	mRNA catabolic process		0.44	1
DRIFT	GO:0018995	mobile genetic element	host cellular component		0.44	1
DRIFT	GO:0032989	cell elongation (swarmer differentiation)	cellular anatomical entity morphogenesis		0.44	1
DRIFT	CHEBI:4170	product / intermediate	D-glucopyranose 6-phosphate		0.45	1
DRIFT	GO:0015986	cytochrome bd oxidase	proton motive force-driven ATP synthesis		0.45	1
DRIFT	CHEBI:15378	proton (h⁺)	hydron		0.46	1
DRIFT	CHEBI:16134	sulfate respiration	ammonia		0.46	1
DRIFT	CHEBI:18240	deoxyribonucleosides	4-hydroxy-L-proline		0.46	1
DRIFT	ENVO:00000105	semi-solid surface (agar 0.5-1.5%)	lake surface		0.46	1
DRIFT	GO:0009651	environmental factor	response to salt stress		0.46	1
DRIFT	CHEBI:29033	anaerobic hydrogen oxidation	iron(2+)		0.47	1
DRIFT	GO:0016984	rbcl, rbcs; rubisco	ribulose-bisphosphate carboxylase activity		0.47	1
DRIFT	GO:0031471	chlorosome	ethanolamine degradation polyhedral organelle		0.47	1
DRIFT	GO:0045259	f1fo-atp synthase	proton-transporting ATP synthase complex		0.47	2
DRIFT	CHEBI:18420	mg²⁺ and isotonic medium	magnesium(2+)		0.48	1
DRIFT	GO:0001539	flagellar rotation / motor function	cilium or flagellum-dependent cell motility		0.48	1
DRIFT	GO:0006950	stringent response	response to stress		0.48	1
DRIFT	GO:0015986	heme-copper oxidase	proton motive force-driven ATP synthesis		0.48	1
DRIFT	GO:0046930	chlorosome	pore complex		0.48	1
DRIFT	CHEBI:16243	hydroxyl radical (•oh)	quercetin		0.49	1
DRIFT	ENVO:01000992	cold stress / low temperature	shower fixture		0.49	1
DRIFT	GO:0046933	f₁f₀ atp synthase	proton-transporting ATP synthase activity, rotational mechanism		0.49	1
DRIFT	CHEBI:15378	proton	hydron		0.50	9
DRIFT	CHEBI:16189	sulfide + nitrate + acetate	sulfate		0.50	1
DRIFT	CHEBI:83529	dodecylamine	N,O-didesmethylvenlafaxine		0.50	1
DRIFT	GO:0042626	abc transporters	ATPase-coupled transmembrane transporter activity		0.50	1
DRIFT	GO:0044826	horizontal gene transfer	viral genome integration into host DNA		0.50	1
DRIFT	GO:0006970	hypoosmotic/salinity downshift	response to osmotic stress		0.51	1
DRIFT	GO:0050776	immune evasion	regulation of immune response		0.51	1
DRIFT	GO:0006972	hyperosmotic environment / hyperosmotic stress	hyperosmotic response		0.52	1
DRIFT	GO:0009767	photophosphorylation	photosynthetic electron transport chain		0.52	1
DRIFT	GO:0019277	septal peptidoglycan biosynthesis	UDP-N-acetylgalactosamine biosynthetic process		0.52	1
DRIFT	GO:0071555	peptidoglycan-based cell wall biogenesis	cell wall organization		0.52	1
DRIFT	GO:0005048	signal peptide	signal sequence binding		0.53	1
DRIFT	CHEBI:18012	nitrate / fumarate	fumaric acid		0.54	1
DRIFT	GO:0004556	α-1,4-glucan hydrolysis	alpha-amylase activity		0.54	1
DRIFT	GO:0015986	electron transport chain	proton motive force-driven ATP synthesis		0.54	1
DRIFT	GO:0045259	f-type or v-type atp synthase	proton-transporting ATP synthase complex		0.54	1
DRIFT	CHEBI:6650	malate	malic acid		0.55	1
DRIFT	GO:0044406	interaction with host	adhesion of symbiont to host		0.55	1
DRIFT	CHEBI:34908	uncoupler	pentachloronitrobenzene		0.56	1
DRIFT	GO:0004129	fixnoqp/cbb3 oxidase	cytochrome-c oxidase activity		0.57	1
DRIFT	GO:0016485	post-translational cleavage	protein processing		0.57	1
DRIFT	GO:0044406	host colonization	adhesion of symbiont to host		0.57	1
DRIFT	CHEBI:30887	fumaric acid	isocitric acid		0.58	1
DRIFT	GO:0004791	thioredoxin (trxc/trxa)	thioredoxin-disulfide reductase (NADPH) activity		0.58	1
DRIFT	GO:0032153	divisome	cell division site		0.58	2
DRIFT	GO:0043263	cellulosomalcellulasesystem	cellulosome		0.58	1
DRIFT	GO:0015988	proton motive force / proton electrochemical gradient	energy coupled proton transmembrane transport, against electrochemical gradient		0.60	1
DRIFT	GO:0019288	methylerythritol-phosphate pathway	isopentenyl diphosphate biosynthetic process, methylerythritol 4-phosphate pathway		0.60	1
DRIFT	GO:0045300	fatty-acid desaturase	stearoyl-[ACP] desaturase activity		0.60	1
DRIFT	CHEBI:26710	sodium ion	sodium chloride		0.61	1
DRIFT	CHEBI:57540	nadh reoxidation	NAD(1-)		0.61	1
DRIFT	GO:0042599	magnetosome	lamellar body		0.61	1
DRIFT	CHEBI:15378	proton / hydrogen ion	hydron		0.62	1
DRIFT	CHEBI:15824	sucrose	D-fructose		0.62	1
DRIFT	GO:0006979	oxidative stress response	response to oxidative stress		0.62	2
DRIFT	GO:0044406	adhesin activity	adhesion of symbiont to host		0.62	1
DRIFT	CHEBI:29311	chlorine disinfection	chlorine(.)		0.63	1
DRIFT	CHEBI:36021	cis-vaccenic acid (18:1)	octadec-9-enoic acid		0.63	1
DRIFT	GO:0016042	biological process	lipid catabolic process		0.63	1
DRIFT	GO:0019253	calvin–benson–bassham cycle	reductive pentose-phosphate cycle		0.63	1
DRIFT	GO:0006303	non-homologous end joining	double-strand break repair via nonhomologous end joining		0.64	1
DRIFT	GO:0006633	fatty-acid desaturase (des); fatty-acid biosynthetic process (go:0006633)	fatty acid biosynthetic process		0.64	1
DRIFT	GO:0015891	siderophore-mediated iron uptake	siderophore transport		0.64	1
DRIFT	GO:0016049	microbial growth	cell growth		0.64	1
DRIFT	CHEBI:27888	bacteriochlorophyll a (bchl a)	chlorophyll b		0.65	1
DRIFT	ENVO:01000155	dissolved organic matter	organic material		0.65	1
DRIFT	GO:0006260	dnareplicationrepairmachinery	DNA replication		0.65	1
DRIFT	GO:0008658	peptidoglycan binding	penicillin binding		0.65	1
DRIFT	GO:0015986	proton-motive force	proton motive force-driven ATP synthesis		0.65	1
DRIFT	GO:0008137	nadh dehydrogenase i / complex i	NADH dehydrogenase (ubiquinone) activity		0.66	1
DRIFT	CHEBI:32372	palmitoleic acid (16:1)	palmitoleate		0.67	1
DRIFT	CHEBI:58805	cyclic di-gmp	c-di-GMP(2-)		0.67	1
DRIFT	GO:0003796	autolysin activity	lysozyme activity		0.67	1
DRIFT	GO:0004645	phosphorolysis	1,4-alpha-oligoglucan phosphorylase activity		0.67	1
DRIFT	GO:0009252	septal pg synthesis	peptidoglycan biosynthetic process		0.67	1
DRIFT	GO:0051286	cell pole	cell tip		0.67	1
DRIFT	GO:0071973	bacterial motility	bacterial-type flagellum-dependent cell motility		0.67	1
DRIFT	GO:0071973	flagellar motility	bacterial-type flagellum-dependent cell motility		0.67	1
DRIFT	GO:0006493	o-glycosylation	protein O-linked glycosylation		0.68	1
DRIFT	GO:0008137	cytochrome-o ubiquinol oxidase activity	NADH dehydrogenase (ubiquinone) activity		0.68	1
DRIFT	CHEBI:27888	bacteriochlorophyll a	chlorophyll b		0.69	1
DRIFT	GO:0006885	ph homeostasis	regulation of pH		0.69	1
DRIFT	GO:0009847	conidial germination	spore germination		0.69	1
DRIFT	GO:0030001	mnth transporter	metal ion transport		0.69	1
DRIFT	GO:0030254	type iii secretion system (t3ss) effectors	protein secretion by the type III secretion system		0.69	1
DRIFT	GO:0004563	β-n-acetylhexosaminidase / chitobiase ctb or nagz	beta-N-acetylhexosaminidase activity		0.70	1
DRIFT	GO:0006970	osmotic-stress tolerance	response to osmotic stress		0.70	1
DRIFT	GO:0030254	type iv secretion system (t4ss / mpf)	protein secretion by the type III secretion system		0.70	1
DRIFT	GO:0006272	leading-strand synthesis	leading strand elongation		0.71	1
DRIFT	GO:0006273	lagging-strand synthesis	lagging strand elongation		0.71	1
DRIFT	GO:0000719	dna photoreactivation	photoreactive repair		0.72	1
DRIFT	GO:0004576	phosphoglycosyltransferase activity	oligosaccharyl transferase activity		0.72	1
DRIFT	GO:0009276	spore inner membrane	Gram-negative-bacterium-type cell wall		0.72	1
DRIFT	ENVO:09200014	growthtemperature	temperature of water		0.73	1
DRIFT	CHEBI:18012	fumarate	fumaric acid		0.74	4
DRIFT	GO:0009294	natural transformation	DNA-mediated transformation		0.74	1
DRIFT	GO:1990220	groel–groes	GroEL-GroES complex		0.74	1
DRIFT	CHEBI:15741	succinate	succinic acid		0.75	3
DRIFT	CHEBI:16460	undecaprenyl phosphate	polyprenol phosphate		0.75	1
DRIFT	GO:0000160	two-component signal-transduction system	phosphorelay signal transduction system		0.75	1
DRIFT	GO:0071973	flagellum-dependent motility	bacterial-type flagellum-dependent cell motility		0.75	1
DRIFT	GO:0006400	trnaanticodonmodifications	tRNA modification		0.76	1
DRIFT	GO:0046961	go:0046961 proton-transporting atpase activity	proton-transporting ATPase activity, rotational mechanism		0.76	1
DRIFT	GO:0009269	desiccation resistance	response to desiccation		0.78	1
DRIFT	GO:0016162	nonreducingendcellobiohydrolaseactivity	cellulose 1,4-beta-cellobiosidase activity		0.78	1
DRIFT	GO:0052170	evasion of host immune response	symbiont-mediated suppression of host innate immune response		0.78	1
DRIFT	GO:0006302	double-strand-break exposure	double-strand break repair		0.79	1
DRIFT	GO:0008422	betaglucosidase	beta-glucosidase activity		0.79	1
DRIFT	GO:0015986	atp synthesis coupled to ion gradient	proton motive force-driven ATP synthesis		0.79	1
DRIFT	GO:0019417	sulfur-compound oxidation	sulfur oxidation		0.79	1
DRIFT	GO:0035635	bacterial effector delivery into host cell	entry of bacterium into host cell		0.79	1
DRIFT	CHEBI:17579	β-carotene	beta-carotene		0.80	1
DRIFT	CHEBI:29105	zn²⁺	zinc(2+)		0.80	1
DRIFT	CHEBI:49552	copper(i), cu(i)	copper(1+)		0.80	1
DRIFT	GO:0006313	dna-mediated transposition	DNA transposition		0.80	1
DRIFT	GO:0031160	spore cortex	spore wall		0.80	1
DRIFT	GO:0071555	cell-wall organization/remodeling	cell wall organization		0.80	1
DRIFT	GO:0071577	zinc-ion transport	zinc ion transmembrane transport		0.80	1
DRIFT	GO:0001539	flagellum-dependent motility	cilium or flagellum-dependent cell motility		0.81	1
DRIFT	GO:0030254	hrp type iii secretion system	protein secretion by the type III secretion system		0.81	1
DRIFT	CHEBI:24875	iron ion	iron cation		0.82	1
DRIFT	GO:0000104	succinate dehydrogenase / complex ii	succinate dehydrogenase activity		0.82	1
DRIFT	GO:0006400	trnamodificationenzymes	tRNA modification		0.82	1
DRIFT	GO:0004713	bacterial tyrosine kinase activity	protein tyrosine kinase activity		0.83	1
DRIFT	GO:0009279	cell surface (outer membrane)	cell outer membrane		0.83	1
DRIFT	GO:0004812	aminoacyl-trnasynthetases	aminoacyl-tRNA ligase activity		0.84	1
DRIFT	GO:0019646	aerobic respiratory electron transport chain	aerobic electron transport chain		0.84	1
DRIFT	GO:0005886	plasma/inner membrane	plasma membrane		0.85	1
DRIFT	GO:0010467	geneexpressionlevel	gene expression		0.85	1
DRIFT	CHEBI:28971	amoxicillin	ampicillin		0.86	1
DRIFT	GO:0006487	protein n-glycosylation	protein N-linked glycosylation		0.88	1
DRIFT	GO:0044403	symbiont process	biological process involved in symbiotic interaction		0.90	1
DRIFT	CHEBI:4170	glucose-1-phosphate	D-glucopyranose 6-phosphate		0.91	1
DRIFT	GO:0000724	homologous-recombination dsb repair	double-strand break repair via homologous recombination		0.92	1
DRIFT	GO:0071555	cell-wall organization or biogenesis	cell wall organization		0.92	1
DRIFT	GO:0071973	bacterial-type flagellum-dependent motility	bacterial-type flagellum-dependent cell motility		0.95	1
DRIFT	CHEBI:16488	meso-diaminopimelic acid	meso-2,6-diaminopimelic acid		0.96	1
DRIFT	CHEBI:16810	α-ketoglutarate	2-oxoglutarate(2-)		0.96	1
DRIFT	CHEBI:61548	glucose-6-phosphate	D-glucopyranose 6-phosphate(2-)		0.97	1
DRIFT	GO:0009512	cytochrome b₆f complex	cytochrome b6f complex		0.97	1
DRIFT	GO:0015986	atp synthesis coupled to proton transport	proton motive force-driven ATP synthesis		0.97	2
DRIFT	CHEBI:15637	10-formyl-tetrahydrofolate	10-formyltetrahydrofolic acid		1.00	1
DRIFT	CHEBI:15641	5-methyl-tetrahydrofolate	5-methyltetrahydrofolic acid		1.00	1
DRIFT	CHEBI:18066	udp-α-d-glucose	UDP-D-glucose		1.00	1
DRIFT	CHEBI:1989	5,10-methylene-tetrahydrofolate	(6R)-5,10-methylenetetrahydrofolic acid		1.00	1
DRIFT	CHEBI:49883	[4fe–4s] cluster	tetra-mu3-sulfido-tetrairon		1.00	1
DRIFT	CHEBI:57540	nad+	NAD(1-)		1.00	1
DRIFT	CHEBI:62967	amorphouscellulose	amorphous cellulose		1.00	1
DRIFT	CHEBI:62968	crystallinecellulose	crystalline cellulose		1.00	1
DRIFT	GO:0003700	dna-binding transcription-factor activity	DNA-binding transcription factor activity		1.00	1
DRIFT	GO:0006099	tricarboxylic-acid cycle	tricarboxylic acid cycle		1.00	2
DRIFT	GO:0006402	mrnadecay	mRNA catabolic process		1.00	1
DRIFT	GO:0006413	translationinitiation	translational initiation		1.00	1
DRIFT	GO:0006414	translationelongation	translational elongation		1.00	1
DRIFT	GO:0006633	fatty-acid biosynthetic process	fatty acid biosynthetic process		1.00	1
DRIFT	GO:0006636	fatty-acid desaturation	unsaturated fatty acid biosynthetic process		1.00	1
DRIFT	GO:0006636	unsaturated-fatty-acid biosynthesis	unsaturated fatty acid biosynthetic process		1.00	1
DRIFT	GO:0006813	potassium-ion transport	potassium ion transport		1.00	3
DRIFT	GO:0006825	copper-ion transport	copper ion transport		1.00	1
DRIFT	GO:0006882	cellular zinc-ion homeostasis	intracellular zinc ion homeostasis		1.00	1
DRIFT	GO:0008422	betaglucosidaseactivity	beta-glucosidase activity		1.00	1
DRIFT	GO:0008652	amino-acid biosynthesis	amino acid biosynthetic process		1.00	1
DRIFT	GO:0008652	amino-acid biosynthetic process	amino acid biosynthetic process		1.00	1
DRIFT	GO:0008810	endoglucanaseactivity	cellulase activity		1.00	1
DRIFT	GO:0009055	electron-transfer activity	electron transfer activity		1.00	1
DRIFT	GO:0009435	nad⁺ biosynthesis	NAD+ biosynthetic process		1.00	2
DRIFT	GO:0009654	oxygen-evolving complex	photosystem II oxygen evolving complex		1.00	1
DRIFT	GO:0009654	photosystem ii / oxygen-evolving complex	photosystem II oxygen evolving complex		1.00	1
DRIFT	GO:0030014	ccr4-notcomplex	CCR4-NOT complex		1.00	1
DRIFT	GO:0051082	unfolded-protein binding	unfolded protein binding		1.00	1
UNKNOWN_PREFIX	EFO:0005092	crispr interference			0.00	1
UNKNOWN_PREFIX	RO:0002327	1			0.00	1
UNKNOWN_PREFIX	RO:0002327	[ro:0002327](https://www.ebi.ac.uk/ols4/ontologies/ro/classes/http%253a%252f%252fpurl.obolibrary.org%252fobo%252fro0002327)			0.00	1
UNKNOWN_PREFIX	SO:0000101	transposable element			0.00	1
UNKNOWN_PREFIX	SO:0000155	plasmid			0.00	1
UNKNOWN_PREFIX	SO:0000336	pseudogene			0.00	1
UNKNOWN_PREFIX	SO:0000418	signal peptide			0.00	1
UNKNOWN_PREFIX	SO:0000771	genomic island			0.00	1
UNKNOWN_PREFIX	SO:0001263	rrnaoperoncopynumber			0.00	1
UNKNOWN_PREFIX	SO:0001272	trnagenecopynumber			0.00	1
